[
    {
        "id":"310001",
        "value":"NO",
        "test_case":"EXIST2024"
    },
    {
        "id":"310002",
        "value":"NO",
        "test_case":"EXIST2024"
    },
    {
        "id":"310003",
        "value":"NO",
        "test_case":"EXIST2024"
    },
    {
        "id":"310004",
        "value":"NO",
        "test_case":"EXIST2024"
    },
    {
        "id":"310005",
        "value":"DIRECT",
        "test_case":"EXIST2024"
    },
    {
        "id":"310006",
        "value":"DIRECT",
        "test_case":"EXIST2024"
    },
    {
        "id":"310007",
        "value":"NO",
        "test_case":"EXIST2024"
    },
    {
        "id":"310008",
        "value":"DIRECT",
        "test_case":"EXIST2024"
    },
    {
        "id":"310009",
        "value":"NO",
        "test_case":"EXIST2024"
    },
    {
        "id":"310010",
        "value":"NO",
        "test_case":"EXIST2024"
    },
    {
        "id":"310011",
        "value":"DIRECT",
        "test_case":"EXIST2024"
    },
    {
        "id":"310012",
        "value":"NO",
        "test_case":"EXIST2024"
    },
    {
        "id":"310013",
        "value":"NO",
        "test_case":"EXIST2024"
    },
    {
        "id":"310014",
        "value":"DIRECT",
        "test_case":"EXIST2024"
    },
    {
        "id":"310015",
        "value":"DIRECT",
        "test_case":"EXIST2024"
    },
    {
        "id":"310016",
        "value":"DIRECT",
        "test_case":"EXIST2024"
    },
    {
        "id":"310017",
        "value":"NO",
        "test_case":"EXIST2024"
    },
    {
        "id":"310018",
        "value":"DIRECT",
        "test_case":"EXIST2024"
    },
    {
        "id":"310019",
        "value":"DIRECT",
        "test_case":"EXIST2024"
    },
    {
        "id":"310020",
        "value":"NO",
        "test_case":"EXIST2024"
    },
    {
        "id":"310021",
        "value":"DIRECT",
        "test_case":"EXIST2024"
    },
    {
        "id":"310022",
        "value":"NO",
        "test_case":"EXIST2024"
    },
    {
        "id":"310023",
        "value":"DIRECT",
        "test_case":"EXIST2024"
    },
    {
        "id":"310024",
        "value":"DIRECT",
        "test_case":"EXIST2024"
    },
    {
        "id":"310025",
        "value":"NO",
        "test_case":"EXIST2024"
    },
    {
        "id":"310026",
        "value":"NO",
        "test_case":"EXIST2024"
    },
    {
        "id":"310027",
        "value":"NO",
        "test_case":"EXIST2024"
    },
    {
        "id":"310028",
        "value":"DIRECT",
        "test_case":"EXIST2024"
    },
    {
        "id":"310029",
        "value":"NO",
        "test_case":"EXIST2024"
    },
    {
        "id":"310030",
        "value":"NO",
        "test_case":"EXIST2024"
    },
    {
        "id":"310031",
        "value":"NO",
        "test_case":"EXIST2024"
    },
    {
        "id":"310032",
        "value":"DIRECT",
        "test_case":"EXIST2024"
    },
    {
        "id":"310033",
        "value":"NO",
        "test_case":"EXIST2024"
    },
    {
        "id":"310034",
        "value":"DIRECT",
        "test_case":"EXIST2024"
    },
    {
        "id":"310035",
        "value":"DIRECT",
        "test_case":"EXIST2024"
    },
    {
        "id":"310036",
        "value":"DIRECT",
        "test_case":"EXIST2024"
    },
    {
        "id":"310037",
        "value":"NO",
        "test_case":"EXIST2024"
    },
    {
        "id":"310038",
        "value":"NO",
        "test_case":"EXIST2024"
    },
    {
        "id":"310039",
        "value":"NO",
        "test_case":"EXIST2024"
    },
    {
        "id":"310040",
        "value":"NO",
        "test_case":"EXIST2024"
    },
    {
        "id":"310041",
        "value":"NO",
        "test_case":"EXIST2024"
    },
    {
        "id":"310042",
        "value":"DIRECT",
        "test_case":"EXIST2024"
    },
    {
        "id":"310043",
        "value":"DIRECT",
        "test_case":"EXIST2024"
    },
    {
        "id":"310044",
        "value":"DIRECT",
        "test_case":"EXIST2024"
    },
    {
        "id":"310045",
        "value":"DIRECT",
        "test_case":"EXIST2024"
    },
    {
        "id":"310046",
        "value":"NO",
        "test_case":"EXIST2024"
    },
    {
        "id":"310047",
        "value":"NO",
        "test_case":"EXIST2024"
    },
    {
        "id":"310048",
        "value":"NO",
        "test_case":"EXIST2024"
    },
    {
        "id":"310049",
        "value":"DIRECT",
        "test_case":"EXIST2024"
    },
    {
        "id":"310050",
        "value":"NO",
        "test_case":"EXIST2024"
    },
    {
        "id":"310051",
        "value":"NO",
        "test_case":"EXIST2024"
    },
    {
        "id":"310052",
        "value":"NO",
        "test_case":"EXIST2024"
    },
    {
        "id":"310053",
        "value":"NO",
        "test_case":"EXIST2024"
    },
    {
        "id":"310054",
        "value":"NO",
        "test_case":"EXIST2024"
    },
    {
        "id":"310055",
        "value":"NO",
        "test_case":"EXIST2024"
    },
    {
        "id":"310056",
        "value":"NO",
        "test_case":"EXIST2024"
    },
    {
        "id":"310057",
        "value":"NO",
        "test_case":"EXIST2024"
    },
    {
        "id":"310058",
        "value":"DIRECT",
        "test_case":"EXIST2024"
    },
    {
        "id":"310059",
        "value":"NO",
        "test_case":"EXIST2024"
    },
    {
        "id":"310060",
        "value":"NO",
        "test_case":"EXIST2024"
    },
    {
        "id":"310061",
        "value":"DIRECT",
        "test_case":"EXIST2024"
    },
    {
        "id":"310062",
        "value":"NO",
        "test_case":"EXIST2024"
    },
    {
        "id":"310063",
        "value":"NO",
        "test_case":"EXIST2024"
    },
    {
        "id":"310064",
        "value":"NO",
        "test_case":"EXIST2024"
    },
    {
        "id":"310065",
        "value":"NO",
        "test_case":"EXIST2024"
    },
    {
        "id":"310066",
        "value":"DIRECT",
        "test_case":"EXIST2024"
    },
    {
        "id":"310067",
        "value":"NO",
        "test_case":"EXIST2024"
    },
    {
        "id":"310068",
        "value":"NO",
        "test_case":"EXIST2024"
    },
    {
        "id":"310069",
        "value":"NO",
        "test_case":"EXIST2024"
    },
    {
        "id":"310070",
        "value":"NO",
        "test_case":"EXIST2024"
    },
    {
        "id":"310071",
        "value":"DIRECT",
        "test_case":"EXIST2024"
    },
    {
        "id":"310072",
        "value":"DIRECT",
        "test_case":"EXIST2024"
    },
    {
        "id":"310073",
        "value":"DIRECT",
        "test_case":"EXIST2024"
    },
    {
        "id":"310074",
        "value":"NO",
        "test_case":"EXIST2024"
    },
    {
        "id":"310075",
        "value":"DIRECT",
        "test_case":"EXIST2024"
    },
    {
        "id":"310076",
        "value":"NO",
        "test_case":"EXIST2024"
    },
    {
        "id":"310077",
        "value":"NO",
        "test_case":"EXIST2024"
    },
    {
        "id":"310078",
        "value":"NO",
        "test_case":"EXIST2024"
    },
    {
        "id":"310079",
        "value":"NO",
        "test_case":"EXIST2024"
    },
    {
        "id":"310080",
        "value":"NO",
        "test_case":"EXIST2024"
    },
    {
        "id":"310081",
        "value":"NO",
        "test_case":"EXIST2024"
    },
    {
        "id":"310082",
        "value":"NO",
        "test_case":"EXIST2024"
    },
    {
        "id":"310083",
        "value":"NO",
        "test_case":"EXIST2024"
    },
    {
        "id":"310084",
        "value":"NO",
        "test_case":"EXIST2024"
    },
    {
        "id":"310085",
        "value":"DIRECT",
        "test_case":"EXIST2024"
    },
    {
        "id":"310086",
        "value":"NO",
        "test_case":"EXIST2024"
    },
    {
        "id":"310087",
        "value":"DIRECT",
        "test_case":"EXIST2024"
    },
    {
        "id":"310088",
        "value":"DIRECT",
        "test_case":"EXIST2024"
    },
    {
        "id":"310089",
        "value":"DIRECT",
        "test_case":"EXIST2024"
    },
    {
        "id":"310090",
        "value":"DIRECT",
        "test_case":"EXIST2024"
    },
    {
        "id":"310091",
        "value":"NO",
        "test_case":"EXIST2024"
    },
    {
        "id":"310092",
        "value":"DIRECT",
        "test_case":"EXIST2024"
    },
    {
        "id":"310093",
        "value":"DIRECT",
        "test_case":"EXIST2024"
    },
    {
        "id":"310094",
        "value":"DIRECT",
        "test_case":"EXIST2024"
    },
    {
        "id":"310095",
        "value":"NO",
        "test_case":"EXIST2024"
    },
    {
        "id":"310096",
        "value":"NO",
        "test_case":"EXIST2024"
    },
    {
        "id":"310097",
        "value":"NO",
        "test_case":"EXIST2024"
    },
    {
        "id":"310098",
        "value":"NO",
        "test_case":"EXIST2024"
    },
    {
        "id":"310099",
        "value":"NO",
        "test_case":"EXIST2024"
    },
    {
        "id":"310100",
        "value":"NO",
        "test_case":"EXIST2024"
    },
    {
        "id":"310101",
        "value":"NO",
        "test_case":"EXIST2024"
    },
    {
        "id":"310102",
        "value":"NO",
        "test_case":"EXIST2024"
    },
    {
        "id":"310103",
        "value":"NO",
        "test_case":"EXIST2024"
    },
    {
        "id":"310104",
        "value":"DIRECT",
        "test_case":"EXIST2024"
    },
    {
        "id":"310105",
        "value":"DIRECT",
        "test_case":"EXIST2024"
    },
    {
        "id":"310106",
        "value":"DIRECT",
        "test_case":"EXIST2024"
    },
    {
        "id":"310107",
        "value":"NO",
        "test_case":"EXIST2024"
    },
    {
        "id":"310108",
        "value":"NO",
        "test_case":"EXIST2024"
    },
    {
        "id":"310109",
        "value":"NO",
        "test_case":"EXIST2024"
    },
    {
        "id":"310110",
        "value":"NO",
        "test_case":"EXIST2024"
    },
    {
        "id":"310111",
        "value":"DIRECT",
        "test_case":"EXIST2024"
    },
    {
        "id":"310112",
        "value":"NO",
        "test_case":"EXIST2024"
    },
    {
        "id":"310113",
        "value":"NO",
        "test_case":"EXIST2024"
    },
    {
        "id":"310114",
        "value":"NO",
        "test_case":"EXIST2024"
    },
    {
        "id":"310115",
        "value":"NO",
        "test_case":"EXIST2024"
    },
    {
        "id":"310116",
        "value":"DIRECT",
        "test_case":"EXIST2024"
    },
    {
        "id":"310117",
        "value":"NO",
        "test_case":"EXIST2024"
    },
    {
        "id":"310118",
        "value":"NO",
        "test_case":"EXIST2024"
    },
    {
        "id":"310119",
        "value":"NO",
        "test_case":"EXIST2024"
    },
    {
        "id":"310120",
        "value":"NO",
        "test_case":"EXIST2024"
    },
    {
        "id":"310121",
        "value":"DIRECT",
        "test_case":"EXIST2024"
    },
    {
        "id":"310122",
        "value":"DIRECT",
        "test_case":"EXIST2024"
    },
    {
        "id":"310123",
        "value":"NO",
        "test_case":"EXIST2024"
    },
    {
        "id":"310124",
        "value":"NO",
        "test_case":"EXIST2024"
    },
    {
        "id":"310125",
        "value":"NO",
        "test_case":"EXIST2024"
    },
    {
        "id":"310126",
        "value":"NO",
        "test_case":"EXIST2024"
    },
    {
        "id":"310127",
        "value":"NO",
        "test_case":"EXIST2024"
    },
    {
        "id":"310128",
        "value":"NO",
        "test_case":"EXIST2024"
    },
    {
        "id":"310129",
        "value":"DIRECT",
        "test_case":"EXIST2024"
    },
    {
        "id":"310130",
        "value":"DIRECT",
        "test_case":"EXIST2024"
    },
    {
        "id":"310131",
        "value":"NO",
        "test_case":"EXIST2024"
    },
    {
        "id":"310132",
        "value":"DIRECT",
        "test_case":"EXIST2024"
    },
    {
        "id":"310133",
        "value":"NO",
        "test_case":"EXIST2024"
    },
    {
        "id":"310134",
        "value":"NO",
        "test_case":"EXIST2024"
    },
    {
        "id":"310135",
        "value":"NO",
        "test_case":"EXIST2024"
    },
    {
        "id":"310136",
        "value":"NO",
        "test_case":"EXIST2024"
    },
    {
        "id":"310137",
        "value":"NO",
        "test_case":"EXIST2024"
    },
    {
        "id":"310138",
        "value":"DIRECT",
        "test_case":"EXIST2024"
    },
    {
        "id":"310139",
        "value":"DIRECT",
        "test_case":"EXIST2024"
    },
    {
        "id":"310140",
        "value":"DIRECT",
        "test_case":"EXIST2024"
    },
    {
        "id":"310141",
        "value":"NO",
        "test_case":"EXIST2024"
    },
    {
        "id":"310142",
        "value":"NO",
        "test_case":"EXIST2024"
    },
    {
        "id":"310143",
        "value":"DIRECT",
        "test_case":"EXIST2024"
    },
    {
        "id":"310144",
        "value":"NO",
        "test_case":"EXIST2024"
    },
    {
        "id":"310145",
        "value":"DIRECT",
        "test_case":"EXIST2024"
    },
    {
        "id":"310146",
        "value":"NO",
        "test_case":"EXIST2024"
    },
    {
        "id":"310147",
        "value":"NO",
        "test_case":"EXIST2024"
    },
    {
        "id":"310148",
        "value":"DIRECT",
        "test_case":"EXIST2024"
    },
    {
        "id":"310149",
        "value":"DIRECT",
        "test_case":"EXIST2024"
    },
    {
        "id":"310150",
        "value":"NO",
        "test_case":"EXIST2024"
    },
    {
        "id":"310151",
        "value":"NO",
        "test_case":"EXIST2024"
    },
    {
        "id":"310152",
        "value":"DIRECT",
        "test_case":"EXIST2024"
    },
    {
        "id":"310153",
        "value":"DIRECT",
        "test_case":"EXIST2024"
    },
    {
        "id":"310154",
        "value":"DIRECT",
        "test_case":"EXIST2024"
    },
    {
        "id":"310155",
        "value":"DIRECT",
        "test_case":"EXIST2024"
    },
    {
        "id":"310156",
        "value":"DIRECT",
        "test_case":"EXIST2024"
    },
    {
        "id":"310157",
        "value":"NO",
        "test_case":"EXIST2024"
    },
    {
        "id":"310158",
        "value":"DIRECT",
        "test_case":"EXIST2024"
    },
    {
        "id":"310159",
        "value":"NO",
        "test_case":"EXIST2024"
    },
    {
        "id":"310160",
        "value":"NO",
        "test_case":"EXIST2024"
    },
    {
        "id":"310161",
        "value":"NO",
        "test_case":"EXIST2024"
    },
    {
        "id":"310162",
        "value":"DIRECT",
        "test_case":"EXIST2024"
    },
    {
        "id":"310163",
        "value":"NO",
        "test_case":"EXIST2024"
    },
    {
        "id":"310164",
        "value":"NO",
        "test_case":"EXIST2024"
    },
    {
        "id":"310165",
        "value":"NO",
        "test_case":"EXIST2024"
    },
    {
        "id":"310166",
        "value":"NO",
        "test_case":"EXIST2024"
    },
    {
        "id":"310167",
        "value":"DIRECT",
        "test_case":"EXIST2024"
    },
    {
        "id":"310168",
        "value":"NO",
        "test_case":"EXIST2024"
    },
    {
        "id":"310169",
        "value":"NO",
        "test_case":"EXIST2024"
    },
    {
        "id":"310170",
        "value":"DIRECT",
        "test_case":"EXIST2024"
    },
    {
        "id":"310171",
        "value":"NO",
        "test_case":"EXIST2024"
    },
    {
        "id":"310172",
        "value":"NO",
        "test_case":"EXIST2024"
    },
    {
        "id":"310173",
        "value":"NO",
        "test_case":"EXIST2024"
    },
    {
        "id":"310174",
        "value":"DIRECT",
        "test_case":"EXIST2024"
    },
    {
        "id":"310175",
        "value":"NO",
        "test_case":"EXIST2024"
    },
    {
        "id":"310176",
        "value":"NO",
        "test_case":"EXIST2024"
    },
    {
        "id":"310177",
        "value":"NO",
        "test_case":"EXIST2024"
    },
    {
        "id":"310178",
        "value":"NO",
        "test_case":"EXIST2024"
    },
    {
        "id":"310179",
        "value":"NO",
        "test_case":"EXIST2024"
    },
    {
        "id":"310180",
        "value":"NO",
        "test_case":"EXIST2024"
    },
    {
        "id":"310181",
        "value":"DIRECT",
        "test_case":"EXIST2024"
    },
    {
        "id":"310182",
        "value":"DIRECT",
        "test_case":"EXIST2024"
    },
    {
        "id":"310183",
        "value":"NO",
        "test_case":"EXIST2024"
    },
    {
        "id":"310184",
        "value":"NO",
        "test_case":"EXIST2024"
    },
    {
        "id":"310185",
        "value":"DIRECT",
        "test_case":"EXIST2024"
    },
    {
        "id":"310186",
        "value":"DIRECT",
        "test_case":"EXIST2024"
    },
    {
        "id":"310187",
        "value":"DIRECT",
        "test_case":"EXIST2024"
    },
    {
        "id":"310188",
        "value":"DIRECT",
        "test_case":"EXIST2024"
    },
    {
        "id":"310189",
        "value":"DIRECT",
        "test_case":"EXIST2024"
    },
    {
        "id":"310190",
        "value":"NO",
        "test_case":"EXIST2024"
    },
    {
        "id":"310191",
        "value":"DIRECT",
        "test_case":"EXIST2024"
    },
    {
        "id":"310192",
        "value":"NO",
        "test_case":"EXIST2024"
    },
    {
        "id":"310193",
        "value":"NO",
        "test_case":"EXIST2024"
    },
    {
        "id":"310194",
        "value":"NO",
        "test_case":"EXIST2024"
    },
    {
        "id":"310195",
        "value":"NO",
        "test_case":"EXIST2024"
    },
    {
        "id":"310196",
        "value":"NO",
        "test_case":"EXIST2024"
    },
    {
        "id":"310197",
        "value":"NO",
        "test_case":"EXIST2024"
    },
    {
        "id":"310198",
        "value":"DIRECT",
        "test_case":"EXIST2024"
    },
    {
        "id":"310199",
        "value":"NO",
        "test_case":"EXIST2024"
    },
    {
        "id":"310200",
        "value":"DIRECT",
        "test_case":"EXIST2024"
    },
    {
        "id":"310201",
        "value":"NO",
        "test_case":"EXIST2024"
    },
    {
        "id":"310202",
        "value":"DIRECT",
        "test_case":"EXIST2024"
    },
    {
        "id":"310203",
        "value":"DIRECT",
        "test_case":"EXIST2024"
    },
    {
        "id":"310204",
        "value":"NO",
        "test_case":"EXIST2024"
    },
    {
        "id":"310205",
        "value":"DIRECT",
        "test_case":"EXIST2024"
    },
    {
        "id":"310206",
        "value":"NO",
        "test_case":"EXIST2024"
    },
    {
        "id":"310207",
        "value":"NO",
        "test_case":"EXIST2024"
    },
    {
        "id":"310208",
        "value":"NO",
        "test_case":"EXIST2024"
    },
    {
        "id":"310209",
        "value":"DIRECT",
        "test_case":"EXIST2024"
    },
    {
        "id":"310210",
        "value":"NO",
        "test_case":"EXIST2024"
    },
    {
        "id":"310211",
        "value":"DIRECT",
        "test_case":"EXIST2024"
    },
    {
        "id":"310212",
        "value":"NO",
        "test_case":"EXIST2024"
    },
    {
        "id":"310213",
        "value":"DIRECT",
        "test_case":"EXIST2024"
    },
    {
        "id":"310214",
        "value":"DIRECT",
        "test_case":"EXIST2024"
    },
    {
        "id":"310215",
        "value":"NO",
        "test_case":"EXIST2024"
    },
    {
        "id":"310216",
        "value":"NO",
        "test_case":"EXIST2024"
    },
    {
        "id":"310217",
        "value":"NO",
        "test_case":"EXIST2024"
    },
    {
        "id":"310218",
        "value":"DIRECT",
        "test_case":"EXIST2024"
    },
    {
        "id":"310219",
        "value":"NO",
        "test_case":"EXIST2024"
    },
    {
        "id":"310220",
        "value":"DIRECT",
        "test_case":"EXIST2024"
    },
    {
        "id":"310221",
        "value":"NO",
        "test_case":"EXIST2024"
    },
    {
        "id":"310222",
        "value":"NO",
        "test_case":"EXIST2024"
    },
    {
        "id":"310223",
        "value":"NO",
        "test_case":"EXIST2024"
    },
    {
        "id":"310224",
        "value":"NO",
        "test_case":"EXIST2024"
    },
    {
        "id":"310225",
        "value":"DIRECT",
        "test_case":"EXIST2024"
    },
    {
        "id":"310226",
        "value":"DIRECT",
        "test_case":"EXIST2024"
    },
    {
        "id":"310227",
        "value":"DIRECT",
        "test_case":"EXIST2024"
    },
    {
        "id":"310228",
        "value":"DIRECT",
        "test_case":"EXIST2024"
    },
    {
        "id":"310229",
        "value":"DIRECT",
        "test_case":"EXIST2024"
    },
    {
        "id":"310230",
        "value":"DIRECT",
        "test_case":"EXIST2024"
    },
    {
        "id":"310231",
        "value":"DIRECT",
        "test_case":"EXIST2024"
    },
    {
        "id":"310232",
        "value":"DIRECT",
        "test_case":"EXIST2024"
    },
    {
        "id":"310233",
        "value":"DIRECT",
        "test_case":"EXIST2024"
    },
    {
        "id":"310234",
        "value":"DIRECT",
        "test_case":"EXIST2024"
    },
    {
        "id":"310235",
        "value":"NO",
        "test_case":"EXIST2024"
    },
    {
        "id":"310236",
        "value":"NO",
        "test_case":"EXIST2024"
    },
    {
        "id":"310237",
        "value":"DIRECT",
        "test_case":"EXIST2024"
    },
    {
        "id":"310238",
        "value":"NO",
        "test_case":"EXIST2024"
    },
    {
        "id":"310239",
        "value":"NO",
        "test_case":"EXIST2024"
    },
    {
        "id":"310240",
        "value":"DIRECT",
        "test_case":"EXIST2024"
    },
    {
        "id":"310241",
        "value":"DIRECT",
        "test_case":"EXIST2024"
    },
    {
        "id":"310242",
        "value":"DIRECT",
        "test_case":"EXIST2024"
    },
    {
        "id":"310243",
        "value":"NO",
        "test_case":"EXIST2024"
    },
    {
        "id":"310244",
        "value":"NO",
        "test_case":"EXIST2024"
    },
    {
        "id":"310245",
        "value":"NO",
        "test_case":"EXIST2024"
    },
    {
        "id":"310246",
        "value":"DIRECT",
        "test_case":"EXIST2024"
    },
    {
        "id":"310247",
        "value":"NO",
        "test_case":"EXIST2024"
    },
    {
        "id":"310248",
        "value":"NO",
        "test_case":"EXIST2024"
    },
    {
        "id":"310249",
        "value":"DIRECT",
        "test_case":"EXIST2024"
    },
    {
        "id":"310250",
        "value":"DIRECT",
        "test_case":"EXIST2024"
    },
    {
        "id":"310251",
        "value":"DIRECT",
        "test_case":"EXIST2024"
    },
    {
        "id":"310252",
        "value":"DIRECT",
        "test_case":"EXIST2024"
    },
    {
        "id":"310253",
        "value":"DIRECT",
        "test_case":"EXIST2024"
    },
    {
        "id":"310254",
        "value":"NO",
        "test_case":"EXIST2024"
    },
    {
        "id":"310255",
        "value":"DIRECT",
        "test_case":"EXIST2024"
    },
    {
        "id":"310256",
        "value":"DIRECT",
        "test_case":"EXIST2024"
    },
    {
        "id":"310257",
        "value":"NO",
        "test_case":"EXIST2024"
    },
    {
        "id":"310258",
        "value":"NO",
        "test_case":"EXIST2024"
    },
    {
        "id":"310259",
        "value":"NO",
        "test_case":"EXIST2024"
    },
    {
        "id":"310260",
        "value":"NO",
        "test_case":"EXIST2024"
    },
    {
        "id":"310261",
        "value":"NO",
        "test_case":"EXIST2024"
    },
    {
        "id":"310262",
        "value":"NO",
        "test_case":"EXIST2024"
    },
    {
        "id":"310263",
        "value":"NO",
        "test_case":"EXIST2024"
    },
    {
        "id":"310264",
        "value":"NO",
        "test_case":"EXIST2024"
    },
    {
        "id":"310265",
        "value":"DIRECT",
        "test_case":"EXIST2024"
    },
    {
        "id":"310266",
        "value":"DIRECT",
        "test_case":"EXIST2024"
    },
    {
        "id":"310267",
        "value":"DIRECT",
        "test_case":"EXIST2024"
    },
    {
        "id":"310268",
        "value":"DIRECT",
        "test_case":"EXIST2024"
    },
    {
        "id":"310269",
        "value":"NO",
        "test_case":"EXIST2024"
    },
    {
        "id":"310270",
        "value":"NO",
        "test_case":"EXIST2024"
    },
    {
        "id":"310271",
        "value":"DIRECT",
        "test_case":"EXIST2024"
    },
    {
        "id":"310272",
        "value":"DIRECT",
        "test_case":"EXIST2024"
    },
    {
        "id":"310273",
        "value":"NO",
        "test_case":"EXIST2024"
    },
    {
        "id":"310274",
        "value":"NO",
        "test_case":"EXIST2024"
    },
    {
        "id":"310275",
        "value":"DIRECT",
        "test_case":"EXIST2024"
    },
    {
        "id":"310276",
        "value":"DIRECT",
        "test_case":"EXIST2024"
    },
    {
        "id":"310277",
        "value":"DIRECT",
        "test_case":"EXIST2024"
    },
    {
        "id":"310278",
        "value":"DIRECT",
        "test_case":"EXIST2024"
    },
    {
        "id":"310279",
        "value":"NO",
        "test_case":"EXIST2024"
    },
    {
        "id":"310280",
        "value":"DIRECT",
        "test_case":"EXIST2024"
    },
    {
        "id":"310281",
        "value":"NO",
        "test_case":"EXIST2024"
    },
    {
        "id":"310282",
        "value":"DIRECT",
        "test_case":"EXIST2024"
    },
    {
        "id":"310283",
        "value":"NO",
        "test_case":"EXIST2024"
    },
    {
        "id":"310284",
        "value":"NO",
        "test_case":"EXIST2024"
    },
    {
        "id":"310285",
        "value":"DIRECT",
        "test_case":"EXIST2024"
    },
    {
        "id":"310286",
        "value":"DIRECT",
        "test_case":"EXIST2024"
    },
    {
        "id":"310287",
        "value":"DIRECT",
        "test_case":"EXIST2024"
    },
    {
        "id":"310288",
        "value":"DIRECT",
        "test_case":"EXIST2024"
    },
    {
        "id":"310289",
        "value":"NO",
        "test_case":"EXIST2024"
    },
    {
        "id":"310290",
        "value":"NO",
        "test_case":"EXIST2024"
    },
    {
        "id":"310291",
        "value":"NO",
        "test_case":"EXIST2024"
    },
    {
        "id":"310292",
        "value":"NO",
        "test_case":"EXIST2024"
    },
    {
        "id":"310293",
        "value":"DIRECT",
        "test_case":"EXIST2024"
    },
    {
        "id":"310294",
        "value":"NO",
        "test_case":"EXIST2024"
    },
    {
        "id":"310295",
        "value":"NO",
        "test_case":"EXIST2024"
    },
    {
        "id":"310296",
        "value":"DIRECT",
        "test_case":"EXIST2024"
    },
    {
        "id":"310297",
        "value":"DIRECT",
        "test_case":"EXIST2024"
    },
    {
        "id":"310298",
        "value":"NO",
        "test_case":"EXIST2024"
    },
    {
        "id":"310299",
        "value":"DIRECT",
        "test_case":"EXIST2024"
    },
    {
        "id":"310300",
        "value":"NO",
        "test_case":"EXIST2024"
    },
    {
        "id":"310301",
        "value":"DIRECT",
        "test_case":"EXIST2024"
    },
    {
        "id":"310302",
        "value":"DIRECT",
        "test_case":"EXIST2024"
    },
    {
        "id":"310303",
        "value":"DIRECT",
        "test_case":"EXIST2024"
    },
    {
        "id":"310304",
        "value":"DIRECT",
        "test_case":"EXIST2024"
    },
    {
        "id":"310305",
        "value":"DIRECT",
        "test_case":"EXIST2024"
    },
    {
        "id":"310306",
        "value":"DIRECT",
        "test_case":"EXIST2024"
    },
    {
        "id":"310307",
        "value":"NO",
        "test_case":"EXIST2024"
    },
    {
        "id":"310308",
        "value":"DIRECT",
        "test_case":"EXIST2024"
    },
    {
        "id":"310309",
        "value":"DIRECT",
        "test_case":"EXIST2024"
    },
    {
        "id":"310310",
        "value":"NO",
        "test_case":"EXIST2024"
    },
    {
        "id":"310311",
        "value":"DIRECT",
        "test_case":"EXIST2024"
    },
    {
        "id":"310312",
        "value":"NO",
        "test_case":"EXIST2024"
    },
    {
        "id":"310313",
        "value":"NO",
        "test_case":"EXIST2024"
    },
    {
        "id":"310314",
        "value":"NO",
        "test_case":"EXIST2024"
    },
    {
        "id":"310315",
        "value":"NO",
        "test_case":"EXIST2024"
    },
    {
        "id":"310316",
        "value":"NO",
        "test_case":"EXIST2024"
    },
    {
        "id":"310317",
        "value":"NO",
        "test_case":"EXIST2024"
    },
    {
        "id":"310318",
        "value":"NO",
        "test_case":"EXIST2024"
    },
    {
        "id":"310319",
        "value":"NO",
        "test_case":"EXIST2024"
    },
    {
        "id":"310320",
        "value":"NO",
        "test_case":"EXIST2024"
    },
    {
        "id":"310321",
        "value":"DIRECT",
        "test_case":"EXIST2024"
    },
    {
        "id":"310322",
        "value":"NO",
        "test_case":"EXIST2024"
    },
    {
        "id":"310323",
        "value":"DIRECT",
        "test_case":"EXIST2024"
    },
    {
        "id":"310324",
        "value":"NO",
        "test_case":"EXIST2024"
    },
    {
        "id":"310325",
        "value":"DIRECT",
        "test_case":"EXIST2024"
    },
    {
        "id":"310326",
        "value":"NO",
        "test_case":"EXIST2024"
    },
    {
        "id":"310327",
        "value":"NO",
        "test_case":"EXIST2024"
    },
    {
        "id":"310328",
        "value":"DIRECT",
        "test_case":"EXIST2024"
    },
    {
        "id":"310329",
        "value":"DIRECT",
        "test_case":"EXIST2024"
    },
    {
        "id":"310330",
        "value":"NO",
        "test_case":"EXIST2024"
    },
    {
        "id":"310331",
        "value":"DIRECT",
        "test_case":"EXIST2024"
    },
    {
        "id":"310332",
        "value":"DIRECT",
        "test_case":"EXIST2024"
    },
    {
        "id":"310333",
        "value":"NO",
        "test_case":"EXIST2024"
    },
    {
        "id":"310334",
        "value":"DIRECT",
        "test_case":"EXIST2024"
    },
    {
        "id":"310335",
        "value":"DIRECT",
        "test_case":"EXIST2024"
    },
    {
        "id":"310336",
        "value":"DIRECT",
        "test_case":"EXIST2024"
    },
    {
        "id":"310337",
        "value":"NO",
        "test_case":"EXIST2024"
    },
    {
        "id":"310338",
        "value":"DIRECT",
        "test_case":"EXIST2024"
    },
    {
        "id":"310339",
        "value":"NO",
        "test_case":"EXIST2024"
    },
    {
        "id":"310340",
        "value":"DIRECT",
        "test_case":"EXIST2024"
    },
    {
        "id":"310341",
        "value":"NO",
        "test_case":"EXIST2024"
    },
    {
        "id":"310342",
        "value":"NO",
        "test_case":"EXIST2024"
    },
    {
        "id":"310343",
        "value":"NO",
        "test_case":"EXIST2024"
    },
    {
        "id":"310344",
        "value":"DIRECT",
        "test_case":"EXIST2024"
    },
    {
        "id":"310345",
        "value":"NO",
        "test_case":"EXIST2024"
    },
    {
        "id":"310346",
        "value":"DIRECT",
        "test_case":"EXIST2024"
    },
    {
        "id":"310347",
        "value":"NO",
        "test_case":"EXIST2024"
    },
    {
        "id":"310348",
        "value":"NO",
        "test_case":"EXIST2024"
    },
    {
        "id":"310349",
        "value":"DIRECT",
        "test_case":"EXIST2024"
    },
    {
        "id":"310350",
        "value":"DIRECT",
        "test_case":"EXIST2024"
    },
    {
        "id":"310351",
        "value":"DIRECT",
        "test_case":"EXIST2024"
    },
    {
        "id":"310352",
        "value":"NO",
        "test_case":"EXIST2024"
    },
    {
        "id":"310353",
        "value":"DIRECT",
        "test_case":"EXIST2024"
    },
    {
        "id":"310354",
        "value":"NO",
        "test_case":"EXIST2024"
    },
    {
        "id":"310355",
        "value":"DIRECT",
        "test_case":"EXIST2024"
    },
    {
        "id":"310356",
        "value":"DIRECT",
        "test_case":"EXIST2024"
    },
    {
        "id":"310357",
        "value":"DIRECT",
        "test_case":"EXIST2024"
    },
    {
        "id":"310358",
        "value":"DIRECT",
        "test_case":"EXIST2024"
    },
    {
        "id":"310359",
        "value":"DIRECT",
        "test_case":"EXIST2024"
    },
    {
        "id":"310360",
        "value":"DIRECT",
        "test_case":"EXIST2024"
    },
    {
        "id":"310361",
        "value":"DIRECT",
        "test_case":"EXIST2024"
    },
    {
        "id":"310362",
        "value":"NO",
        "test_case":"EXIST2024"
    },
    {
        "id":"310363",
        "value":"DIRECT",
        "test_case":"EXIST2024"
    },
    {
        "id":"310364",
        "value":"NO",
        "test_case":"EXIST2024"
    },
    {
        "id":"310365",
        "value":"DIRECT",
        "test_case":"EXIST2024"
    },
    {
        "id":"310366",
        "value":"NO",
        "test_case":"EXIST2024"
    },
    {
        "id":"310367",
        "value":"NO",
        "test_case":"EXIST2024"
    },
    {
        "id":"310368",
        "value":"DIRECT",
        "test_case":"EXIST2024"
    },
    {
        "id":"310369",
        "value":"DIRECT",
        "test_case":"EXIST2024"
    },
    {
        "id":"310370",
        "value":"DIRECT",
        "test_case":"EXIST2024"
    },
    {
        "id":"310371",
        "value":"DIRECT",
        "test_case":"EXIST2024"
    },
    {
        "id":"310372",
        "value":"DIRECT",
        "test_case":"EXIST2024"
    },
    {
        "id":"310373",
        "value":"DIRECT",
        "test_case":"EXIST2024"
    },
    {
        "id":"310374",
        "value":"NO",
        "test_case":"EXIST2024"
    },
    {
        "id":"310375",
        "value":"NO",
        "test_case":"EXIST2024"
    },
    {
        "id":"310376",
        "value":"DIRECT",
        "test_case":"EXIST2024"
    },
    {
        "id":"310377",
        "value":"DIRECT",
        "test_case":"EXIST2024"
    },
    {
        "id":"310378",
        "value":"DIRECT",
        "test_case":"EXIST2024"
    },
    {
        "id":"310379",
        "value":"NO",
        "test_case":"EXIST2024"
    },
    {
        "id":"310380",
        "value":"DIRECT",
        "test_case":"EXIST2024"
    },
    {
        "id":"310381",
        "value":"DIRECT",
        "test_case":"EXIST2024"
    },
    {
        "id":"310382",
        "value":"NO",
        "test_case":"EXIST2024"
    },
    {
        "id":"310383",
        "value":"NO",
        "test_case":"EXIST2024"
    },
    {
        "id":"310384",
        "value":"DIRECT",
        "test_case":"EXIST2024"
    },
    {
        "id":"310385",
        "value":"DIRECT",
        "test_case":"EXIST2024"
    },
    {
        "id":"310386",
        "value":"NO",
        "test_case":"EXIST2024"
    },
    {
        "id":"310387",
        "value":"DIRECT",
        "test_case":"EXIST2024"
    },
    {
        "id":"310388",
        "value":"NO",
        "test_case":"EXIST2024"
    },
    {
        "id":"310389",
        "value":"NO",
        "test_case":"EXIST2024"
    },
    {
        "id":"310390",
        "value":"NO",
        "test_case":"EXIST2024"
    },
    {
        "id":"310391",
        "value":"DIRECT",
        "test_case":"EXIST2024"
    },
    {
        "id":"310392",
        "value":"NO",
        "test_case":"EXIST2024"
    },
    {
        "id":"310393",
        "value":"DIRECT",
        "test_case":"EXIST2024"
    },
    {
        "id":"310394",
        "value":"DIRECT",
        "test_case":"EXIST2024"
    },
    {
        "id":"310395",
        "value":"DIRECT",
        "test_case":"EXIST2024"
    },
    {
        "id":"310396",
        "value":"NO",
        "test_case":"EXIST2024"
    },
    {
        "id":"310397",
        "value":"NO",
        "test_case":"EXIST2024"
    },
    {
        "id":"310398",
        "value":"DIRECT",
        "test_case":"EXIST2024"
    },
    {
        "id":"310399",
        "value":"NO",
        "test_case":"EXIST2024"
    },
    {
        "id":"310400",
        "value":"DIRECT",
        "test_case":"EXIST2024"
    },
    {
        "id":"310401",
        "value":"DIRECT",
        "test_case":"EXIST2024"
    },
    {
        "id":"310402",
        "value":"NO",
        "test_case":"EXIST2024"
    },
    {
        "id":"310403",
        "value":"NO",
        "test_case":"EXIST2024"
    },
    {
        "id":"310404",
        "value":"NO",
        "test_case":"EXIST2024"
    },
    {
        "id":"310405",
        "value":"NO",
        "test_case":"EXIST2024"
    },
    {
        "id":"310406",
        "value":"NO",
        "test_case":"EXIST2024"
    },
    {
        "id":"310407",
        "value":"NO",
        "test_case":"EXIST2024"
    },
    {
        "id":"310408",
        "value":"DIRECT",
        "test_case":"EXIST2024"
    },
    {
        "id":"310409",
        "value":"DIRECT",
        "test_case":"EXIST2024"
    },
    {
        "id":"310410",
        "value":"NO",
        "test_case":"EXIST2024"
    },
    {
        "id":"310411",
        "value":"DIRECT",
        "test_case":"EXIST2024"
    },
    {
        "id":"310412",
        "value":"NO",
        "test_case":"EXIST2024"
    },
    {
        "id":"310413",
        "value":"NO",
        "test_case":"EXIST2024"
    },
    {
        "id":"310414",
        "value":"NO",
        "test_case":"EXIST2024"
    },
    {
        "id":"310415",
        "value":"NO",
        "test_case":"EXIST2024"
    },
    {
        "id":"310416",
        "value":"NO",
        "test_case":"EXIST2024"
    },
    {
        "id":"310417",
        "value":"DIRECT",
        "test_case":"EXIST2024"
    },
    {
        "id":"310418",
        "value":"DIRECT",
        "test_case":"EXIST2024"
    },
    {
        "id":"310419",
        "value":"NO",
        "test_case":"EXIST2024"
    },
    {
        "id":"310420",
        "value":"DIRECT",
        "test_case":"EXIST2024"
    },
    {
        "id":"310421",
        "value":"DIRECT",
        "test_case":"EXIST2024"
    },
    {
        "id":"310422",
        "value":"NO",
        "test_case":"EXIST2024"
    },
    {
        "id":"310423",
        "value":"NO",
        "test_case":"EXIST2024"
    },
    {
        "id":"310424",
        "value":"NO",
        "test_case":"EXIST2024"
    },
    {
        "id":"310425",
        "value":"NO",
        "test_case":"EXIST2024"
    },
    {
        "id":"310426",
        "value":"NO",
        "test_case":"EXIST2024"
    },
    {
        "id":"310427",
        "value":"NO",
        "test_case":"EXIST2024"
    },
    {
        "id":"310428",
        "value":"DIRECT",
        "test_case":"EXIST2024"
    },
    {
        "id":"310429",
        "value":"NO",
        "test_case":"EXIST2024"
    },
    {
        "id":"310430",
        "value":"NO",
        "test_case":"EXIST2024"
    },
    {
        "id":"310431",
        "value":"DIRECT",
        "test_case":"EXIST2024"
    },
    {
        "id":"310432",
        "value":"DIRECT",
        "test_case":"EXIST2024"
    },
    {
        "id":"310433",
        "value":"NO",
        "test_case":"EXIST2024"
    },
    {
        "id":"310434",
        "value":"NO",
        "test_case":"EXIST2024"
    },
    {
        "id":"310435",
        "value":"NO",
        "test_case":"EXIST2024"
    },
    {
        "id":"310436",
        "value":"DIRECT",
        "test_case":"EXIST2024"
    },
    {
        "id":"310437",
        "value":"DIRECT",
        "test_case":"EXIST2024"
    },
    {
        "id":"310438",
        "value":"NO",
        "test_case":"EXIST2024"
    },
    {
        "id":"310439",
        "value":"NO",
        "test_case":"EXIST2024"
    },
    {
        "id":"310440",
        "value":"NO",
        "test_case":"EXIST2024"
    },
    {
        "id":"310441",
        "value":"NO",
        "test_case":"EXIST2024"
    },
    {
        "id":"310442",
        "value":"NO",
        "test_case":"EXIST2024"
    },
    {
        "id":"310443",
        "value":"NO",
        "test_case":"EXIST2024"
    },
    {
        "id":"310444",
        "value":"NO",
        "test_case":"EXIST2024"
    },
    {
        "id":"310445",
        "value":"DIRECT",
        "test_case":"EXIST2024"
    },
    {
        "id":"310446",
        "value":"DIRECT",
        "test_case":"EXIST2024"
    },
    {
        "id":"310447",
        "value":"DIRECT",
        "test_case":"EXIST2024"
    },
    {
        "id":"310448",
        "value":"DIRECT",
        "test_case":"EXIST2024"
    },
    {
        "id":"310449",
        "value":"DIRECT",
        "test_case":"EXIST2024"
    },
    {
        "id":"310450",
        "value":"DIRECT",
        "test_case":"EXIST2024"
    },
    {
        "id":"310451",
        "value":"DIRECT",
        "test_case":"EXIST2024"
    },
    {
        "id":"310452",
        "value":"NO",
        "test_case":"EXIST2024"
    },
    {
        "id":"310453",
        "value":"NO",
        "test_case":"EXIST2024"
    },
    {
        "id":"310454",
        "value":"DIRECT",
        "test_case":"EXIST2024"
    },
    {
        "id":"310455",
        "value":"DIRECT",
        "test_case":"EXIST2024"
    },
    {
        "id":"310456",
        "value":"DIRECT",
        "test_case":"EXIST2024"
    },
    {
        "id":"310457",
        "value":"NO",
        "test_case":"EXIST2024"
    },
    {
        "id":"310458",
        "value":"DIRECT",
        "test_case":"EXIST2024"
    },
    {
        "id":"310459",
        "value":"NO",
        "test_case":"EXIST2024"
    },
    {
        "id":"310460",
        "value":"NO",
        "test_case":"EXIST2024"
    },
    {
        "id":"310461",
        "value":"DIRECT",
        "test_case":"EXIST2024"
    },
    {
        "id":"310462",
        "value":"NO",
        "test_case":"EXIST2024"
    },
    {
        "id":"310463",
        "value":"DIRECT",
        "test_case":"EXIST2024"
    },
    {
        "id":"310464",
        "value":"DIRECT",
        "test_case":"EXIST2024"
    },
    {
        "id":"310465",
        "value":"DIRECT",
        "test_case":"EXIST2024"
    },
    {
        "id":"310466",
        "value":"DIRECT",
        "test_case":"EXIST2024"
    },
    {
        "id":"310467",
        "value":"DIRECT",
        "test_case":"EXIST2024"
    },
    {
        "id":"310468",
        "value":"DIRECT",
        "test_case":"EXIST2024"
    },
    {
        "id":"310469",
        "value":"NO",
        "test_case":"EXIST2024"
    },
    {
        "id":"310470",
        "value":"NO",
        "test_case":"EXIST2024"
    },
    {
        "id":"310471",
        "value":"DIRECT",
        "test_case":"EXIST2024"
    },
    {
        "id":"310472",
        "value":"NO",
        "test_case":"EXIST2024"
    },
    {
        "id":"310473",
        "value":"NO",
        "test_case":"EXIST2024"
    },
    {
        "id":"310474",
        "value":"DIRECT",
        "test_case":"EXIST2024"
    },
    {
        "id":"310475",
        "value":"DIRECT",
        "test_case":"EXIST2024"
    },
    {
        "id":"310476",
        "value":"NO",
        "test_case":"EXIST2024"
    },
    {
        "id":"310477",
        "value":"NO",
        "test_case":"EXIST2024"
    },
    {
        "id":"310478",
        "value":"NO",
        "test_case":"EXIST2024"
    },
    {
        "id":"310479",
        "value":"DIRECT",
        "test_case":"EXIST2024"
    },
    {
        "id":"310480",
        "value":"DIRECT",
        "test_case":"EXIST2024"
    },
    {
        "id":"310481",
        "value":"NO",
        "test_case":"EXIST2024"
    },
    {
        "id":"310482",
        "value":"NO",
        "test_case":"EXIST2024"
    },
    {
        "id":"310483",
        "value":"DIRECT",
        "test_case":"EXIST2024"
    },
    {
        "id":"310484",
        "value":"NO",
        "test_case":"EXIST2024"
    },
    {
        "id":"310485",
        "value":"DIRECT",
        "test_case":"EXIST2024"
    },
    {
        "id":"310486",
        "value":"DIRECT",
        "test_case":"EXIST2024"
    },
    {
        "id":"310487",
        "value":"NO",
        "test_case":"EXIST2024"
    },
    {
        "id":"310488",
        "value":"NO",
        "test_case":"EXIST2024"
    },
    {
        "id":"310489",
        "value":"NO",
        "test_case":"EXIST2024"
    },
    {
        "id":"310490",
        "value":"DIRECT",
        "test_case":"EXIST2024"
    },
    {
        "id":"310491",
        "value":"DIRECT",
        "test_case":"EXIST2024"
    },
    {
        "id":"310492",
        "value":"DIRECT",
        "test_case":"EXIST2024"
    },
    {
        "id":"310493",
        "value":"DIRECT",
        "test_case":"EXIST2024"
    },
    {
        "id":"310494",
        "value":"DIRECT",
        "test_case":"EXIST2024"
    },
    {
        "id":"310495",
        "value":"DIRECT",
        "test_case":"EXIST2024"
    },
    {
        "id":"310496",
        "value":"NO",
        "test_case":"EXIST2024"
    },
    {
        "id":"310497",
        "value":"NO",
        "test_case":"EXIST2024"
    },
    {
        "id":"310498",
        "value":"NO",
        "test_case":"EXIST2024"
    },
    {
        "id":"310499",
        "value":"NO",
        "test_case":"EXIST2024"
    },
    {
        "id":"310500",
        "value":"NO",
        "test_case":"EXIST2024"
    },
    {
        "id":"310501",
        "value":"NO",
        "test_case":"EXIST2024"
    },
    {
        "id":"310502",
        "value":"NO",
        "test_case":"EXIST2024"
    },
    {
        "id":"310503",
        "value":"NO",
        "test_case":"EXIST2024"
    },
    {
        "id":"310504",
        "value":"NO",
        "test_case":"EXIST2024"
    },
    {
        "id":"310505",
        "value":"DIRECT",
        "test_case":"EXIST2024"
    },
    {
        "id":"310506",
        "value":"NO",
        "test_case":"EXIST2024"
    },
    {
        "id":"310507",
        "value":"NO",
        "test_case":"EXIST2024"
    },
    {
        "id":"310508",
        "value":"NO",
        "test_case":"EXIST2024"
    },
    {
        "id":"310509",
        "value":"NO",
        "test_case":"EXIST2024"
    },
    {
        "id":"310510",
        "value":"NO",
        "test_case":"EXIST2024"
    },
    {
        "id":"310511",
        "value":"DIRECT",
        "test_case":"EXIST2024"
    },
    {
        "id":"310512",
        "value":"NO",
        "test_case":"EXIST2024"
    },
    {
        "id":"310513",
        "value":"NO",
        "test_case":"EXIST2024"
    },
    {
        "id":"310514",
        "value":"NO",
        "test_case":"EXIST2024"
    },
    {
        "id":"310515",
        "value":"DIRECT",
        "test_case":"EXIST2024"
    },
    {
        "id":"310516",
        "value":"NO",
        "test_case":"EXIST2024"
    },
    {
        "id":"310517",
        "value":"NO",
        "test_case":"EXIST2024"
    },
    {
        "id":"310518",
        "value":"NO",
        "test_case":"EXIST2024"
    },
    {
        "id":"310519",
        "value":"NO",
        "test_case":"EXIST2024"
    },
    {
        "id":"310520",
        "value":"NO",
        "test_case":"EXIST2024"
    },
    {
        "id":"310521",
        "value":"NO",
        "test_case":"EXIST2024"
    },
    {
        "id":"310522",
        "value":"NO",
        "test_case":"EXIST2024"
    },
    {
        "id":"310523",
        "value":"DIRECT",
        "test_case":"EXIST2024"
    },
    {
        "id":"310524",
        "value":"DIRECT",
        "test_case":"EXIST2024"
    },
    {
        "id":"310525",
        "value":"DIRECT",
        "test_case":"EXIST2024"
    },
    {
        "id":"310526",
        "value":"DIRECT",
        "test_case":"EXIST2024"
    },
    {
        "id":"310527",
        "value":"NO",
        "test_case":"EXIST2024"
    },
    {
        "id":"310528",
        "value":"NO",
        "test_case":"EXIST2024"
    },
    {
        "id":"310529",
        "value":"NO",
        "test_case":"EXIST2024"
    },
    {
        "id":"310530",
        "value":"NO",
        "test_case":"EXIST2024"
    },
    {
        "id":"310531",
        "value":"DIRECT",
        "test_case":"EXIST2024"
    },
    {
        "id":"310532",
        "value":"DIRECT",
        "test_case":"EXIST2024"
    },
    {
        "id":"310533",
        "value":"NO",
        "test_case":"EXIST2024"
    },
    {
        "id":"310534",
        "value":"DIRECT",
        "test_case":"EXIST2024"
    },
    {
        "id":"310535",
        "value":"DIRECT",
        "test_case":"EXIST2024"
    },
    {
        "id":"310536",
        "value":"DIRECT",
        "test_case":"EXIST2024"
    },
    {
        "id":"310537",
        "value":"DIRECT",
        "test_case":"EXIST2024"
    },
    {
        "id":"310538",
        "value":"NO",
        "test_case":"EXIST2024"
    },
    {
        "id":"310539",
        "value":"DIRECT",
        "test_case":"EXIST2024"
    },
    {
        "id":"310540",
        "value":"DIRECT",
        "test_case":"EXIST2024"
    },
    {
        "id":"410001",
        "value":"DIRECT",
        "test_case":"EXIST2024"
    },
    {
        "id":"410002",
        "value":"NO",
        "test_case":"EXIST2024"
    },
    {
        "id":"410003",
        "value":"DIRECT",
        "test_case":"EXIST2024"
    },
    {
        "id":"410004",
        "value":"DIRECT",
        "test_case":"EXIST2024"
    },
    {
        "id":"410005",
        "value":"DIRECT",
        "test_case":"EXIST2024"
    },
    {
        "id":"410006",
        "value":"DIRECT",
        "test_case":"EXIST2024"
    },
    {
        "id":"410007",
        "value":"DIRECT",
        "test_case":"EXIST2024"
    },
    {
        "id":"410008",
        "value":"DIRECT",
        "test_case":"EXIST2024"
    },
    {
        "id":"410009",
        "value":"NO",
        "test_case":"EXIST2024"
    },
    {
        "id":"410010",
        "value":"DIRECT",
        "test_case":"EXIST2024"
    },
    {
        "id":"410011",
        "value":"NO",
        "test_case":"EXIST2024"
    },
    {
        "id":"410012",
        "value":"DIRECT",
        "test_case":"EXIST2024"
    },
    {
        "id":"410013",
        "value":"DIRECT",
        "test_case":"EXIST2024"
    },
    {
        "id":"410014",
        "value":"NO",
        "test_case":"EXIST2024"
    },
    {
        "id":"410015",
        "value":"NO",
        "test_case":"EXIST2024"
    },
    {
        "id":"410016",
        "value":"NO",
        "test_case":"EXIST2024"
    },
    {
        "id":"410017",
        "value":"NO",
        "test_case":"EXIST2024"
    },
    {
        "id":"410018",
        "value":"DIRECT",
        "test_case":"EXIST2024"
    },
    {
        "id":"410019",
        "value":"NO",
        "test_case":"EXIST2024"
    },
    {
        "id":"410020",
        "value":"DIRECT",
        "test_case":"EXIST2024"
    },
    {
        "id":"410021",
        "value":"NO",
        "test_case":"EXIST2024"
    },
    {
        "id":"410022",
        "value":"NO",
        "test_case":"EXIST2024"
    },
    {
        "id":"410023",
        "value":"DIRECT",
        "test_case":"EXIST2024"
    },
    {
        "id":"410024",
        "value":"DIRECT",
        "test_case":"EXIST2024"
    },
    {
        "id":"410025",
        "value":"DIRECT",
        "test_case":"EXIST2024"
    },
    {
        "id":"410026",
        "value":"NO",
        "test_case":"EXIST2024"
    },
    {
        "id":"410027",
        "value":"NO",
        "test_case":"EXIST2024"
    },
    {
        "id":"410028",
        "value":"NO",
        "test_case":"EXIST2024"
    },
    {
        "id":"410029",
        "value":"NO",
        "test_case":"EXIST2024"
    },
    {
        "id":"410030",
        "value":"NO",
        "test_case":"EXIST2024"
    },
    {
        "id":"410031",
        "value":"DIRECT",
        "test_case":"EXIST2024"
    },
    {
        "id":"410032",
        "value":"DIRECT",
        "test_case":"EXIST2024"
    },
    {
        "id":"410033",
        "value":"DIRECT",
        "test_case":"EXIST2024"
    },
    {
        "id":"410034",
        "value":"DIRECT",
        "test_case":"EXIST2024"
    },
    {
        "id":"410035",
        "value":"NO",
        "test_case":"EXIST2024"
    },
    {
        "id":"410036",
        "value":"DIRECT",
        "test_case":"EXIST2024"
    },
    {
        "id":"410037",
        "value":"NO",
        "test_case":"EXIST2024"
    },
    {
        "id":"410038",
        "value":"NO",
        "test_case":"EXIST2024"
    },
    {
        "id":"410039",
        "value":"DIRECT",
        "test_case":"EXIST2024"
    },
    {
        "id":"410040",
        "value":"DIRECT",
        "test_case":"EXIST2024"
    },
    {
        "id":"410041",
        "value":"DIRECT",
        "test_case":"EXIST2024"
    },
    {
        "id":"410042",
        "value":"DIRECT",
        "test_case":"EXIST2024"
    },
    {
        "id":"410043",
        "value":"DIRECT",
        "test_case":"EXIST2024"
    },
    {
        "id":"410044",
        "value":"DIRECT",
        "test_case":"EXIST2024"
    },
    {
        "id":"410045",
        "value":"DIRECT",
        "test_case":"EXIST2024"
    },
    {
        "id":"410046",
        "value":"DIRECT",
        "test_case":"EXIST2024"
    },
    {
        "id":"410047",
        "value":"DIRECT",
        "test_case":"EXIST2024"
    },
    {
        "id":"410048",
        "value":"DIRECT",
        "test_case":"EXIST2024"
    },
    {
        "id":"410049",
        "value":"DIRECT",
        "test_case":"EXIST2024"
    },
    {
        "id":"410050",
        "value":"NO",
        "test_case":"EXIST2024"
    },
    {
        "id":"410051",
        "value":"NO",
        "test_case":"EXIST2024"
    },
    {
        "id":"410052",
        "value":"DIRECT",
        "test_case":"EXIST2024"
    },
    {
        "id":"410053",
        "value":"NO",
        "test_case":"EXIST2024"
    },
    {
        "id":"410054",
        "value":"DIRECT",
        "test_case":"EXIST2024"
    },
    {
        "id":"410055",
        "value":"DIRECT",
        "test_case":"EXIST2024"
    },
    {
        "id":"410056",
        "value":"JUDGEMENTAL",
        "test_case":"EXIST2024"
    },
    {
        "id":"410057",
        "value":"NO",
        "test_case":"EXIST2024"
    },
    {
        "id":"410058",
        "value":"NO",
        "test_case":"EXIST2024"
    },
    {
        "id":"410059",
        "value":"NO",
        "test_case":"EXIST2024"
    },
    {
        "id":"410060",
        "value":"NO",
        "test_case":"EXIST2024"
    },
    {
        "id":"410061",
        "value":"DIRECT",
        "test_case":"EXIST2024"
    },
    {
        "id":"410062",
        "value":"DIRECT",
        "test_case":"EXIST2024"
    },
    {
        "id":"410063",
        "value":"NO",
        "test_case":"EXIST2024"
    },
    {
        "id":"410064",
        "value":"NO",
        "test_case":"EXIST2024"
    },
    {
        "id":"410065",
        "value":"DIRECT",
        "test_case":"EXIST2024"
    },
    {
        "id":"410066",
        "value":"NO",
        "test_case":"EXIST2024"
    },
    {
        "id":"410067",
        "value":"NO",
        "test_case":"EXIST2024"
    },
    {
        "id":"410068",
        "value":"NO",
        "test_case":"EXIST2024"
    },
    {
        "id":"410069",
        "value":"NO",
        "test_case":"EXIST2024"
    },
    {
        "id":"410070",
        "value":"NO",
        "test_case":"EXIST2024"
    },
    {
        "id":"410071",
        "value":"NO",
        "test_case":"EXIST2024"
    },
    {
        "id":"410072",
        "value":"DIRECT",
        "test_case":"EXIST2024"
    },
    {
        "id":"410073",
        "value":"DIRECT",
        "test_case":"EXIST2024"
    },
    {
        "id":"410074",
        "value":"NO",
        "test_case":"EXIST2024"
    },
    {
        "id":"410075",
        "value":"NO",
        "test_case":"EXIST2024"
    },
    {
        "id":"410076",
        "value":"NO",
        "test_case":"EXIST2024"
    },
    {
        "id":"410077",
        "value":"NO",
        "test_case":"EXIST2024"
    },
    {
        "id":"410078",
        "value":"NO",
        "test_case":"EXIST2024"
    },
    {
        "id":"410079",
        "value":"NO",
        "test_case":"EXIST2024"
    },
    {
        "id":"410080",
        "value":"DIRECT",
        "test_case":"EXIST2024"
    },
    {
        "id":"410081",
        "value":"DIRECT",
        "test_case":"EXIST2024"
    },
    {
        "id":"410082",
        "value":"NO",
        "test_case":"EXIST2024"
    },
    {
        "id":"410083",
        "value":"JUDGEMENTAL",
        "test_case":"EXIST2024"
    },
    {
        "id":"410084",
        "value":"DIRECT",
        "test_case":"EXIST2024"
    },
    {
        "id":"410085",
        "value":"DIRECT",
        "test_case":"EXIST2024"
    },
    {
        "id":"410086",
        "value":"NO",
        "test_case":"EXIST2024"
    },
    {
        "id":"410087",
        "value":"NO",
        "test_case":"EXIST2024"
    },
    {
        "id":"410088",
        "value":"NO",
        "test_case":"EXIST2024"
    },
    {
        "id":"410089",
        "value":"NO",
        "test_case":"EXIST2024"
    },
    {
        "id":"410090",
        "value":"NO",
        "test_case":"EXIST2024"
    },
    {
        "id":"410091",
        "value":"NO",
        "test_case":"EXIST2024"
    },
    {
        "id":"410092",
        "value":"JUDGEMENTAL",
        "test_case":"EXIST2024"
    },
    {
        "id":"410093",
        "value":"DIRECT",
        "test_case":"EXIST2024"
    },
    {
        "id":"410094",
        "value":"NO",
        "test_case":"EXIST2024"
    },
    {
        "id":"410095",
        "value":"DIRECT",
        "test_case":"EXIST2024"
    },
    {
        "id":"410096",
        "value":"NO",
        "test_case":"EXIST2024"
    },
    {
        "id":"410097",
        "value":"DIRECT",
        "test_case":"EXIST2024"
    },
    {
        "id":"410098",
        "value":"DIRECT",
        "test_case":"EXIST2024"
    },
    {
        "id":"410099",
        "value":"DIRECT",
        "test_case":"EXIST2024"
    },
    {
        "id":"410100",
        "value":"DIRECT",
        "test_case":"EXIST2024"
    },
    {
        "id":"410101",
        "value":"DIRECT",
        "test_case":"EXIST2024"
    },
    {
        "id":"410102",
        "value":"DIRECT",
        "test_case":"EXIST2024"
    },
    {
        "id":"410103",
        "value":"DIRECT",
        "test_case":"EXIST2024"
    },
    {
        "id":"410104",
        "value":"DIRECT",
        "test_case":"EXIST2024"
    },
    {
        "id":"410105",
        "value":"DIRECT",
        "test_case":"EXIST2024"
    },
    {
        "id":"410106",
        "value":"DIRECT",
        "test_case":"EXIST2024"
    },
    {
        "id":"410107",
        "value":"DIRECT",
        "test_case":"EXIST2024"
    },
    {
        "id":"410108",
        "value":"DIRECT",
        "test_case":"EXIST2024"
    },
    {
        "id":"410109",
        "value":"NO",
        "test_case":"EXIST2024"
    },
    {
        "id":"410110",
        "value":"DIRECT",
        "test_case":"EXIST2024"
    },
    {
        "id":"410111",
        "value":"DIRECT",
        "test_case":"EXIST2024"
    },
    {
        "id":"410112",
        "value":"NO",
        "test_case":"EXIST2024"
    },
    {
        "id":"410113",
        "value":"NO",
        "test_case":"EXIST2024"
    },
    {
        "id":"410114",
        "value":"DIRECT",
        "test_case":"EXIST2024"
    },
    {
        "id":"410115",
        "value":"DIRECT",
        "test_case":"EXIST2024"
    },
    {
        "id":"410116",
        "value":"DIRECT",
        "test_case":"EXIST2024"
    },
    {
        "id":"410117",
        "value":"NO",
        "test_case":"EXIST2024"
    },
    {
        "id":"410118",
        "value":"DIRECT",
        "test_case":"EXIST2024"
    },
    {
        "id":"410119",
        "value":"NO",
        "test_case":"EXIST2024"
    },
    {
        "id":"410120",
        "value":"NO",
        "test_case":"EXIST2024"
    },
    {
        "id":"410121",
        "value":"DIRECT",
        "test_case":"EXIST2024"
    },
    {
        "id":"410122",
        "value":"DIRECT",
        "test_case":"EXIST2024"
    },
    {
        "id":"410123",
        "value":"NO",
        "test_case":"EXIST2024"
    },
    {
        "id":"410124",
        "value":"NO",
        "test_case":"EXIST2024"
    },
    {
        "id":"410125",
        "value":"DIRECT",
        "test_case":"EXIST2024"
    },
    {
        "id":"410126",
        "value":"DIRECT",
        "test_case":"EXIST2024"
    },
    {
        "id":"410127",
        "value":"DIRECT",
        "test_case":"EXIST2024"
    },
    {
        "id":"410128",
        "value":"NO",
        "test_case":"EXIST2024"
    },
    {
        "id":"410129",
        "value":"JUDGEMENTAL",
        "test_case":"EXIST2024"
    },
    {
        "id":"410130",
        "value":"DIRECT",
        "test_case":"EXIST2024"
    },
    {
        "id":"410131",
        "value":"DIRECT",
        "test_case":"EXIST2024"
    },
    {
        "id":"410132",
        "value":"DIRECT",
        "test_case":"EXIST2024"
    },
    {
        "id":"410133",
        "value":"DIRECT",
        "test_case":"EXIST2024"
    },
    {
        "id":"410134",
        "value":"DIRECT",
        "test_case":"EXIST2024"
    },
    {
        "id":"410135",
        "value":"DIRECT",
        "test_case":"EXIST2024"
    },
    {
        "id":"410136",
        "value":"NO",
        "test_case":"EXIST2024"
    },
    {
        "id":"410137",
        "value":"DIRECT",
        "test_case":"EXIST2024"
    },
    {
        "id":"410138",
        "value":"DIRECT",
        "test_case":"EXIST2024"
    },
    {
        "id":"410139",
        "value":"DIRECT",
        "test_case":"EXIST2024"
    },
    {
        "id":"410140",
        "value":"DIRECT",
        "test_case":"EXIST2024"
    },
    {
        "id":"410141",
        "value":"DIRECT",
        "test_case":"EXIST2024"
    },
    {
        "id":"410142",
        "value":"DIRECT",
        "test_case":"EXIST2024"
    },
    {
        "id":"410143",
        "value":"NO",
        "test_case":"EXIST2024"
    },
    {
        "id":"410144",
        "value":"DIRECT",
        "test_case":"EXIST2024"
    },
    {
        "id":"410145",
        "value":"DIRECT",
        "test_case":"EXIST2024"
    },
    {
        "id":"410146",
        "value":"DIRECT",
        "test_case":"EXIST2024"
    },
    {
        "id":"410147",
        "value":"DIRECT",
        "test_case":"EXIST2024"
    },
    {
        "id":"410148",
        "value":"NO",
        "test_case":"EXIST2024"
    },
    {
        "id":"410149",
        "value":"DIRECT",
        "test_case":"EXIST2024"
    },
    {
        "id":"410150",
        "value":"NO",
        "test_case":"EXIST2024"
    },
    {
        "id":"410151",
        "value":"NO",
        "test_case":"EXIST2024"
    },
    {
        "id":"410152",
        "value":"DIRECT",
        "test_case":"EXIST2024"
    },
    {
        "id":"410153",
        "value":"NO",
        "test_case":"EXIST2024"
    },
    {
        "id":"410154",
        "value":"DIRECT",
        "test_case":"EXIST2024"
    },
    {
        "id":"410155",
        "value":"DIRECT",
        "test_case":"EXIST2024"
    },
    {
        "id":"410156",
        "value":"NO",
        "test_case":"EXIST2024"
    },
    {
        "id":"410157",
        "value":"DIRECT",
        "test_case":"EXIST2024"
    },
    {
        "id":"410158",
        "value":"NO",
        "test_case":"EXIST2024"
    },
    {
        "id":"410159",
        "value":"NO",
        "test_case":"EXIST2024"
    },
    {
        "id":"410160",
        "value":"NO",
        "test_case":"EXIST2024"
    },
    {
        "id":"410161",
        "value":"NO",
        "test_case":"EXIST2024"
    },
    {
        "id":"410162",
        "value":"NO",
        "test_case":"EXIST2024"
    },
    {
        "id":"410163",
        "value":"NO",
        "test_case":"EXIST2024"
    },
    {
        "id":"410164",
        "value":"NO",
        "test_case":"EXIST2024"
    },
    {
        "id":"410165",
        "value":"DIRECT",
        "test_case":"EXIST2024"
    },
    {
        "id":"410166",
        "value":"DIRECT",
        "test_case":"EXIST2024"
    },
    {
        "id":"410167",
        "value":"DIRECT",
        "test_case":"EXIST2024"
    },
    {
        "id":"410168",
        "value":"NO",
        "test_case":"EXIST2024"
    },
    {
        "id":"410169",
        "value":"NO",
        "test_case":"EXIST2024"
    },
    {
        "id":"410170",
        "value":"NO",
        "test_case":"EXIST2024"
    },
    {
        "id":"410171",
        "value":"NO",
        "test_case":"EXIST2024"
    },
    {
        "id":"410172",
        "value":"NO",
        "test_case":"EXIST2024"
    },
    {
        "id":"410173",
        "value":"NO",
        "test_case":"EXIST2024"
    },
    {
        "id":"410174",
        "value":"DIRECT",
        "test_case":"EXIST2024"
    },
    {
        "id":"410175",
        "value":"NO",
        "test_case":"EXIST2024"
    },
    {
        "id":"410176",
        "value":"DIRECT",
        "test_case":"EXIST2024"
    },
    {
        "id":"410177",
        "value":"DIRECT",
        "test_case":"EXIST2024"
    },
    {
        "id":"410178",
        "value":"NO",
        "test_case":"EXIST2024"
    },
    {
        "id":"410179",
        "value":"DIRECT",
        "test_case":"EXIST2024"
    },
    {
        "id":"410180",
        "value":"NO",
        "test_case":"EXIST2024"
    },
    {
        "id":"410181",
        "value":"NO",
        "test_case":"EXIST2024"
    },
    {
        "id":"410182",
        "value":"NO",
        "test_case":"EXIST2024"
    },
    {
        "id":"410183",
        "value":"NO",
        "test_case":"EXIST2024"
    },
    {
        "id":"410184",
        "value":"NO",
        "test_case":"EXIST2024"
    },
    {
        "id":"410185",
        "value":"NO",
        "test_case":"EXIST2024"
    },
    {
        "id":"410186",
        "value":"DIRECT",
        "test_case":"EXIST2024"
    },
    {
        "id":"410187",
        "value":"NO",
        "test_case":"EXIST2024"
    },
    {
        "id":"410188",
        "value":"NO",
        "test_case":"EXIST2024"
    },
    {
        "id":"410189",
        "value":"NO",
        "test_case":"EXIST2024"
    },
    {
        "id":"410190",
        "value":"NO",
        "test_case":"EXIST2024"
    },
    {
        "id":"410191",
        "value":"NO",
        "test_case":"EXIST2024"
    },
    {
        "id":"410192",
        "value":"JUDGEMENTAL",
        "test_case":"EXIST2024"
    },
    {
        "id":"410193",
        "value":"DIRECT",
        "test_case":"EXIST2024"
    },
    {
        "id":"410194",
        "value":"DIRECT",
        "test_case":"EXIST2024"
    },
    {
        "id":"410195",
        "value":"DIRECT",
        "test_case":"EXIST2024"
    },
    {
        "id":"410196",
        "value":"JUDGEMENTAL",
        "test_case":"EXIST2024"
    },
    {
        "id":"410197",
        "value":"DIRECT",
        "test_case":"EXIST2024"
    },
    {
        "id":"410198",
        "value":"DIRECT",
        "test_case":"EXIST2024"
    },
    {
        "id":"410199",
        "value":"NO",
        "test_case":"EXIST2024"
    },
    {
        "id":"410200",
        "value":"NO",
        "test_case":"EXIST2024"
    },
    {
        "id":"410201",
        "value":"NO",
        "test_case":"EXIST2024"
    },
    {
        "id":"410202",
        "value":"NO",
        "test_case":"EXIST2024"
    },
    {
        "id":"410203",
        "value":"NO",
        "test_case":"EXIST2024"
    },
    {
        "id":"410204",
        "value":"NO",
        "test_case":"EXIST2024"
    },
    {
        "id":"410205",
        "value":"NO",
        "test_case":"EXIST2024"
    },
    {
        "id":"410206",
        "value":"DIRECT",
        "test_case":"EXIST2024"
    },
    {
        "id":"410207",
        "value":"NO",
        "test_case":"EXIST2024"
    },
    {
        "id":"410208",
        "value":"NO",
        "test_case":"EXIST2024"
    },
    {
        "id":"410209",
        "value":"NO",
        "test_case":"EXIST2024"
    },
    {
        "id":"410210",
        "value":"NO",
        "test_case":"EXIST2024"
    },
    {
        "id":"410211",
        "value":"NO",
        "test_case":"EXIST2024"
    },
    {
        "id":"410212",
        "value":"DIRECT",
        "test_case":"EXIST2024"
    },
    {
        "id":"410213",
        "value":"DIRECT",
        "test_case":"EXIST2024"
    },
    {
        "id":"410214",
        "value":"NO",
        "test_case":"EXIST2024"
    },
    {
        "id":"410215",
        "value":"NO",
        "test_case":"EXIST2024"
    },
    {
        "id":"410216",
        "value":"NO",
        "test_case":"EXIST2024"
    },
    {
        "id":"410217",
        "value":"NO",
        "test_case":"EXIST2024"
    },
    {
        "id":"410218",
        "value":"NO",
        "test_case":"EXIST2024"
    },
    {
        "id":"410219",
        "value":"NO",
        "test_case":"EXIST2024"
    },
    {
        "id":"410220",
        "value":"NO",
        "test_case":"EXIST2024"
    },
    {
        "id":"410221",
        "value":"DIRECT",
        "test_case":"EXIST2024"
    },
    {
        "id":"410222",
        "value":"DIRECT",
        "test_case":"EXIST2024"
    },
    {
        "id":"410223",
        "value":"DIRECT",
        "test_case":"EXIST2024"
    },
    {
        "id":"410224",
        "value":"DIRECT",
        "test_case":"EXIST2024"
    },
    {
        "id":"410225",
        "value":"DIRECT",
        "test_case":"EXIST2024"
    },
    {
        "id":"410226",
        "value":"NO",
        "test_case":"EXIST2024"
    },
    {
        "id":"410227",
        "value":"DIRECT",
        "test_case":"EXIST2024"
    },
    {
        "id":"410228",
        "value":"DIRECT",
        "test_case":"EXIST2024"
    },
    {
        "id":"410229",
        "value":"DIRECT",
        "test_case":"EXIST2024"
    },
    {
        "id":"410230",
        "value":"DIRECT",
        "test_case":"EXIST2024"
    },
    {
        "id":"410231",
        "value":"NO",
        "test_case":"EXIST2024"
    },
    {
        "id":"410232",
        "value":"JUDGEMENTAL",
        "test_case":"EXIST2024"
    },
    {
        "id":"410233",
        "value":"DIRECT",
        "test_case":"EXIST2024"
    },
    {
        "id":"410234",
        "value":"JUDGEMENTAL",
        "test_case":"EXIST2024"
    },
    {
        "id":"410235",
        "value":"NO",
        "test_case":"EXIST2024"
    },
    {
        "id":"410236",
        "value":"DIRECT",
        "test_case":"EXIST2024"
    },
    {
        "id":"410237",
        "value":"DIRECT",
        "test_case":"EXIST2024"
    },
    {
        "id":"410238",
        "value":"DIRECT",
        "test_case":"EXIST2024"
    },
    {
        "id":"410239",
        "value":"DIRECT",
        "test_case":"EXIST2024"
    },
    {
        "id":"410240",
        "value":"DIRECT",
        "test_case":"EXIST2024"
    },
    {
        "id":"410241",
        "value":"NO",
        "test_case":"EXIST2024"
    },
    {
        "id":"410242",
        "value":"DIRECT",
        "test_case":"EXIST2024"
    },
    {
        "id":"410243",
        "value":"DIRECT",
        "test_case":"EXIST2024"
    },
    {
        "id":"410244",
        "value":"NO",
        "test_case":"EXIST2024"
    },
    {
        "id":"410245",
        "value":"DIRECT",
        "test_case":"EXIST2024"
    },
    {
        "id":"410246",
        "value":"NO",
        "test_case":"EXIST2024"
    },
    {
        "id":"410247",
        "value":"NO",
        "test_case":"EXIST2024"
    },
    {
        "id":"410248",
        "value":"NO",
        "test_case":"EXIST2024"
    },
    {
        "id":"410249",
        "value":"DIRECT",
        "test_case":"EXIST2024"
    },
    {
        "id":"410250",
        "value":"DIRECT",
        "test_case":"EXIST2024"
    },
    {
        "id":"410251",
        "value":"DIRECT",
        "test_case":"EXIST2024"
    },
    {
        "id":"410252",
        "value":"NO",
        "test_case":"EXIST2024"
    },
    {
        "id":"410253",
        "value":"NO",
        "test_case":"EXIST2024"
    },
    {
        "id":"410254",
        "value":"DIRECT",
        "test_case":"EXIST2024"
    },
    {
        "id":"410255",
        "value":"DIRECT",
        "test_case":"EXIST2024"
    },
    {
        "id":"410256",
        "value":"JUDGEMENTAL",
        "test_case":"EXIST2024"
    },
    {
        "id":"410257",
        "value":"DIRECT",
        "test_case":"EXIST2024"
    },
    {
        "id":"410258",
        "value":"DIRECT",
        "test_case":"EXIST2024"
    },
    {
        "id":"410259",
        "value":"NO",
        "test_case":"EXIST2024"
    },
    {
        "id":"410260",
        "value":"NO",
        "test_case":"EXIST2024"
    },
    {
        "id":"410261",
        "value":"DIRECT",
        "test_case":"EXIST2024"
    },
    {
        "id":"410262",
        "value":"DIRECT",
        "test_case":"EXIST2024"
    },
    {
        "id":"410263",
        "value":"NO",
        "test_case":"EXIST2024"
    },
    {
        "id":"410264",
        "value":"NO",
        "test_case":"EXIST2024"
    },
    {
        "id":"410265",
        "value":"NO",
        "test_case":"EXIST2024"
    },
    {
        "id":"410266",
        "value":"NO",
        "test_case":"EXIST2024"
    },
    {
        "id":"410267",
        "value":"NO",
        "test_case":"EXIST2024"
    },
    {
        "id":"410268",
        "value":"NO",
        "test_case":"EXIST2024"
    },
    {
        "id":"410269",
        "value":"NO",
        "test_case":"EXIST2024"
    },
    {
        "id":"410270",
        "value":"DIRECT",
        "test_case":"EXIST2024"
    },
    {
        "id":"410271",
        "value":"NO",
        "test_case":"EXIST2024"
    },
    {
        "id":"410272",
        "value":"NO",
        "test_case":"EXIST2024"
    },
    {
        "id":"410273",
        "value":"DIRECT",
        "test_case":"EXIST2024"
    },
    {
        "id":"410274",
        "value":"NO",
        "test_case":"EXIST2024"
    },
    {
        "id":"410275",
        "value":"DIRECT",
        "test_case":"EXIST2024"
    },
    {
        "id":"410276",
        "value":"DIRECT",
        "test_case":"EXIST2024"
    },
    {
        "id":"410277",
        "value":"NO",
        "test_case":"EXIST2024"
    },
    {
        "id":"410278",
        "value":"NO",
        "test_case":"EXIST2024"
    },
    {
        "id":"410279",
        "value":"DIRECT",
        "test_case":"EXIST2024"
    },
    {
        "id":"410280",
        "value":"NO",
        "test_case":"EXIST2024"
    },
    {
        "id":"410281",
        "value":"DIRECT",
        "test_case":"EXIST2024"
    },
    {
        "id":"410282",
        "value":"NO",
        "test_case":"EXIST2024"
    },
    {
        "id":"410283",
        "value":"NO",
        "test_case":"EXIST2024"
    },
    {
        "id":"410284",
        "value":"NO",
        "test_case":"EXIST2024"
    },
    {
        "id":"410285",
        "value":"DIRECT",
        "test_case":"EXIST2024"
    },
    {
        "id":"410286",
        "value":"DIRECT",
        "test_case":"EXIST2024"
    },
    {
        "id":"410287",
        "value":"NO",
        "test_case":"EXIST2024"
    },
    {
        "id":"410288",
        "value":"DIRECT",
        "test_case":"EXIST2024"
    },
    {
        "id":"410289",
        "value":"DIRECT",
        "test_case":"EXIST2024"
    },
    {
        "id":"410290",
        "value":"NO",
        "test_case":"EXIST2024"
    },
    {
        "id":"410291",
        "value":"DIRECT",
        "test_case":"EXIST2024"
    },
    {
        "id":"410292",
        "value":"NO",
        "test_case":"EXIST2024"
    },
    {
        "id":"410293",
        "value":"DIRECT",
        "test_case":"EXIST2024"
    },
    {
        "id":"410294",
        "value":"NO",
        "test_case":"EXIST2024"
    },
    {
        "id":"410295",
        "value":"NO",
        "test_case":"EXIST2024"
    },
    {
        "id":"410296",
        "value":"DIRECT",
        "test_case":"EXIST2024"
    },
    {
        "id":"410297",
        "value":"NO",
        "test_case":"EXIST2024"
    },
    {
        "id":"410298",
        "value":"DIRECT",
        "test_case":"EXIST2024"
    },
    {
        "id":"410299",
        "value":"NO",
        "test_case":"EXIST2024"
    },
    {
        "id":"410300",
        "value":"DIRECT",
        "test_case":"EXIST2024"
    },
    {
        "id":"410301",
        "value":"DIRECT",
        "test_case":"EXIST2024"
    },
    {
        "id":"410302",
        "value":"NO",
        "test_case":"EXIST2024"
    },
    {
        "id":"410303",
        "value":"DIRECT",
        "test_case":"EXIST2024"
    },
    {
        "id":"410304",
        "value":"DIRECT",
        "test_case":"EXIST2024"
    },
    {
        "id":"410305",
        "value":"DIRECT",
        "test_case":"EXIST2024"
    },
    {
        "id":"410306",
        "value":"NO",
        "test_case":"EXIST2024"
    },
    {
        "id":"410307",
        "value":"NO",
        "test_case":"EXIST2024"
    },
    {
        "id":"410308",
        "value":"NO",
        "test_case":"EXIST2024"
    },
    {
        "id":"410309",
        "value":"DIRECT",
        "test_case":"EXIST2024"
    },
    {
        "id":"410310",
        "value":"DIRECT",
        "test_case":"EXIST2024"
    },
    {
        "id":"410311",
        "value":"NO",
        "test_case":"EXIST2024"
    },
    {
        "id":"410312",
        "value":"DIRECT",
        "test_case":"EXIST2024"
    },
    {
        "id":"410313",
        "value":"NO",
        "test_case":"EXIST2024"
    },
    {
        "id":"410314",
        "value":"NO",
        "test_case":"EXIST2024"
    },
    {
        "id":"410315",
        "value":"NO",
        "test_case":"EXIST2024"
    },
    {
        "id":"410316",
        "value":"NO",
        "test_case":"EXIST2024"
    },
    {
        "id":"410317",
        "value":"NO",
        "test_case":"EXIST2024"
    },
    {
        "id":"410318",
        "value":"NO",
        "test_case":"EXIST2024"
    },
    {
        "id":"410319",
        "value":"NO",
        "test_case":"EXIST2024"
    },
    {
        "id":"410320",
        "value":"NO",
        "test_case":"EXIST2024"
    },
    {
        "id":"410321",
        "value":"DIRECT",
        "test_case":"EXIST2024"
    },
    {
        "id":"410322",
        "value":"JUDGEMENTAL",
        "test_case":"EXIST2024"
    },
    {
        "id":"410323",
        "value":"NO",
        "test_case":"EXIST2024"
    },
    {
        "id":"410324",
        "value":"NO",
        "test_case":"EXIST2024"
    },
    {
        "id":"410325",
        "value":"DIRECT",
        "test_case":"EXIST2024"
    },
    {
        "id":"410326",
        "value":"NO",
        "test_case":"EXIST2024"
    },
    {
        "id":"410327",
        "value":"NO",
        "test_case":"EXIST2024"
    },
    {
        "id":"410328",
        "value":"DIRECT",
        "test_case":"EXIST2024"
    },
    {
        "id":"410329",
        "value":"DIRECT",
        "test_case":"EXIST2024"
    },
    {
        "id":"410330",
        "value":"DIRECT",
        "test_case":"EXIST2024"
    },
    {
        "id":"410331",
        "value":"NO",
        "test_case":"EXIST2024"
    },
    {
        "id":"410332",
        "value":"DIRECT",
        "test_case":"EXIST2024"
    },
    {
        "id":"410333",
        "value":"DIRECT",
        "test_case":"EXIST2024"
    },
    {
        "id":"410334",
        "value":"JUDGEMENTAL",
        "test_case":"EXIST2024"
    },
    {
        "id":"410335",
        "value":"DIRECT",
        "test_case":"EXIST2024"
    },
    {
        "id":"410336",
        "value":"NO",
        "test_case":"EXIST2024"
    },
    {
        "id":"410337",
        "value":"NO",
        "test_case":"EXIST2024"
    },
    {
        "id":"410338",
        "value":"NO",
        "test_case":"EXIST2024"
    },
    {
        "id":"410339",
        "value":"DIRECT",
        "test_case":"EXIST2024"
    },
    {
        "id":"410340",
        "value":"NO",
        "test_case":"EXIST2024"
    },
    {
        "id":"410341",
        "value":"DIRECT",
        "test_case":"EXIST2024"
    },
    {
        "id":"410342",
        "value":"NO",
        "test_case":"EXIST2024"
    },
    {
        "id":"410343",
        "value":"NO",
        "test_case":"EXIST2024"
    },
    {
        "id":"410344",
        "value":"DIRECT",
        "test_case":"EXIST2024"
    },
    {
        "id":"410345",
        "value":"NO",
        "test_case":"EXIST2024"
    },
    {
        "id":"410346",
        "value":"NO",
        "test_case":"EXIST2024"
    },
    {
        "id":"410347",
        "value":"DIRECT",
        "test_case":"EXIST2024"
    },
    {
        "id":"410348",
        "value":"DIRECT",
        "test_case":"EXIST2024"
    },
    {
        "id":"410349",
        "value":"NO",
        "test_case":"EXIST2024"
    },
    {
        "id":"410350",
        "value":"NO",
        "test_case":"EXIST2024"
    },
    {
        "id":"410351",
        "value":"DIRECT",
        "test_case":"EXIST2024"
    },
    {
        "id":"410352",
        "value":"DIRECT",
        "test_case":"EXIST2024"
    },
    {
        "id":"410353",
        "value":"JUDGEMENTAL",
        "test_case":"EXIST2024"
    },
    {
        "id":"410354",
        "value":"DIRECT",
        "test_case":"EXIST2024"
    },
    {
        "id":"410355",
        "value":"DIRECT",
        "test_case":"EXIST2024"
    },
    {
        "id":"410356",
        "value":"DIRECT",
        "test_case":"EXIST2024"
    },
    {
        "id":"410357",
        "value":"NO",
        "test_case":"EXIST2024"
    },
    {
        "id":"410358",
        "value":"DIRECT",
        "test_case":"EXIST2024"
    },
    {
        "id":"410359",
        "value":"NO",
        "test_case":"EXIST2024"
    },
    {
        "id":"410360",
        "value":"NO",
        "test_case":"EXIST2024"
    },
    {
        "id":"410361",
        "value":"NO",
        "test_case":"EXIST2024"
    },
    {
        "id":"410362",
        "value":"DIRECT",
        "test_case":"EXIST2024"
    },
    {
        "id":"410363",
        "value":"NO",
        "test_case":"EXIST2024"
    },
    {
        "id":"410364",
        "value":"NO",
        "test_case":"EXIST2024"
    },
    {
        "id":"410365",
        "value":"NO",
        "test_case":"EXIST2024"
    },
    {
        "id":"410366",
        "value":"NO",
        "test_case":"EXIST2024"
    },
    {
        "id":"410367",
        "value":"NO",
        "test_case":"EXIST2024"
    },
    {
        "id":"410368",
        "value":"NO",
        "test_case":"EXIST2024"
    },
    {
        "id":"410369",
        "value":"NO",
        "test_case":"EXIST2024"
    },
    {
        "id":"410370",
        "value":"NO",
        "test_case":"EXIST2024"
    },
    {
        "id":"410371",
        "value":"NO",
        "test_case":"EXIST2024"
    },
    {
        "id":"410372",
        "value":"NO",
        "test_case":"EXIST2024"
    },
    {
        "id":"410373",
        "value":"NO",
        "test_case":"EXIST2024"
    },
    {
        "id":"410374",
        "value":"DIRECT",
        "test_case":"EXIST2024"
    },
    {
        "id":"410375",
        "value":"DIRECT",
        "test_case":"EXIST2024"
    },
    {
        "id":"410376",
        "value":"NO",
        "test_case":"EXIST2024"
    },
    {
        "id":"410377",
        "value":"NO",
        "test_case":"EXIST2024"
    },
    {
        "id":"410378",
        "value":"NO",
        "test_case":"EXIST2024"
    },
    {
        "id":"410379",
        "value":"NO",
        "test_case":"EXIST2024"
    },
    {
        "id":"410380",
        "value":"NO",
        "test_case":"EXIST2024"
    },
    {
        "id":"410381",
        "value":"DIRECT",
        "test_case":"EXIST2024"
    },
    {
        "id":"410382",
        "value":"NO",
        "test_case":"EXIST2024"
    },
    {
        "id":"410383",
        "value":"DIRECT",
        "test_case":"EXIST2024"
    },
    {
        "id":"410384",
        "value":"DIRECT",
        "test_case":"EXIST2024"
    },
    {
        "id":"410385",
        "value":"NO",
        "test_case":"EXIST2024"
    },
    {
        "id":"410386",
        "value":"DIRECT",
        "test_case":"EXIST2024"
    },
    {
        "id":"410387",
        "value":"DIRECT",
        "test_case":"EXIST2024"
    },
    {
        "id":"410388",
        "value":"DIRECT",
        "test_case":"EXIST2024"
    },
    {
        "id":"410389",
        "value":"DIRECT",
        "test_case":"EXIST2024"
    },
    {
        "id":"410390",
        "value":"DIRECT",
        "test_case":"EXIST2024"
    },
    {
        "id":"410391",
        "value":"DIRECT",
        "test_case":"EXIST2024"
    },
    {
        "id":"410392",
        "value":"DIRECT",
        "test_case":"EXIST2024"
    },
    {
        "id":"410393",
        "value":"DIRECT",
        "test_case":"EXIST2024"
    },
    {
        "id":"410394",
        "value":"NO",
        "test_case":"EXIST2024"
    },
    {
        "id":"410395",
        "value":"DIRECT",
        "test_case":"EXIST2024"
    },
    {
        "id":"410396",
        "value":"NO",
        "test_case":"EXIST2024"
    },
    {
        "id":"410397",
        "value":"NO",
        "test_case":"EXIST2024"
    },
    {
        "id":"410398",
        "value":"DIRECT",
        "test_case":"EXIST2024"
    },
    {
        "id":"410399",
        "value":"DIRECT",
        "test_case":"EXIST2024"
    },
    {
        "id":"410400",
        "value":"DIRECT",
        "test_case":"EXIST2024"
    },
    {
        "id":"410401",
        "value":"DIRECT",
        "test_case":"EXIST2024"
    },
    {
        "id":"410402",
        "value":"DIRECT",
        "test_case":"EXIST2024"
    },
    {
        "id":"410403",
        "value":"DIRECT",
        "test_case":"EXIST2024"
    },
    {
        "id":"410404",
        "value":"DIRECT",
        "test_case":"EXIST2024"
    },
    {
        "id":"410405",
        "value":"DIRECT",
        "test_case":"EXIST2024"
    },
    {
        "id":"410406",
        "value":"NO",
        "test_case":"EXIST2024"
    },
    {
        "id":"410407",
        "value":"NO",
        "test_case":"EXIST2024"
    },
    {
        "id":"410408",
        "value":"NO",
        "test_case":"EXIST2024"
    },
    {
        "id":"410409",
        "value":"NO",
        "test_case":"EXIST2024"
    },
    {
        "id":"410410",
        "value":"DIRECT",
        "test_case":"EXIST2024"
    },
    {
        "id":"410411",
        "value":"NO",
        "test_case":"EXIST2024"
    },
    {
        "id":"410412",
        "value":"NO",
        "test_case":"EXIST2024"
    },
    {
        "id":"410413",
        "value":"DIRECT",
        "test_case":"EXIST2024"
    },
    {
        "id":"410414",
        "value":"NO",
        "test_case":"EXIST2024"
    },
    {
        "id":"410415",
        "value":"NO",
        "test_case":"EXIST2024"
    },
    {
        "id":"410416",
        "value":"NO",
        "test_case":"EXIST2024"
    },
    {
        "id":"410417",
        "value":"DIRECT",
        "test_case":"EXIST2024"
    },
    {
        "id":"410418",
        "value":"DIRECT",
        "test_case":"EXIST2024"
    },
    {
        "id":"410419",
        "value":"DIRECT",
        "test_case":"EXIST2024"
    },
    {
        "id":"410420",
        "value":"DIRECT",
        "test_case":"EXIST2024"
    },
    {
        "id":"410421",
        "value":"NO",
        "test_case":"EXIST2024"
    },
    {
        "id":"410422",
        "value":"DIRECT",
        "test_case":"EXIST2024"
    },
    {
        "id":"410423",
        "value":"DIRECT",
        "test_case":"EXIST2024"
    },
    {
        "id":"410424",
        "value":"DIRECT",
        "test_case":"EXIST2024"
    },
    {
        "id":"410425",
        "value":"DIRECT",
        "test_case":"EXIST2024"
    },
    {
        "id":"410426",
        "value":"DIRECT",
        "test_case":"EXIST2024"
    },
    {
        "id":"410427",
        "value":"DIRECT",
        "test_case":"EXIST2024"
    },
    {
        "id":"410428",
        "value":"NO",
        "test_case":"EXIST2024"
    },
    {
        "id":"410429",
        "value":"NO",
        "test_case":"EXIST2024"
    },
    {
        "id":"410430",
        "value":"DIRECT",
        "test_case":"EXIST2024"
    },
    {
        "id":"410431",
        "value":"NO",
        "test_case":"EXIST2024"
    },
    {
        "id":"410432",
        "value":"NO",
        "test_case":"EXIST2024"
    },
    {
        "id":"410433",
        "value":"DIRECT",
        "test_case":"EXIST2024"
    },
    {
        "id":"410434",
        "value":"NO",
        "test_case":"EXIST2024"
    },
    {
        "id":"410435",
        "value":"NO",
        "test_case":"EXIST2024"
    },
    {
        "id":"410436",
        "value":"DIRECT",
        "test_case":"EXIST2024"
    },
    {
        "id":"410437",
        "value":"NO",
        "test_case":"EXIST2024"
    },
    {
        "id":"410438",
        "value":"NO",
        "test_case":"EXIST2024"
    },
    {
        "id":"410439",
        "value":"DIRECT",
        "test_case":"EXIST2024"
    },
    {
        "id":"410440",
        "value":"NO",
        "test_case":"EXIST2024"
    },
    {
        "id":"410441",
        "value":"NO",
        "test_case":"EXIST2024"
    },
    {
        "id":"410442",
        "value":"DIRECT",
        "test_case":"EXIST2024"
    },
    {
        "id":"410443",
        "value":"NO",
        "test_case":"EXIST2024"
    },
    {
        "id":"410444",
        "value":"NO",
        "test_case":"EXIST2024"
    },
    {
        "id":"410445",
        "value":"NO",
        "test_case":"EXIST2024"
    },
    {
        "id":"410446",
        "value":"NO",
        "test_case":"EXIST2024"
    },
    {
        "id":"410447",
        "value":"NO",
        "test_case":"EXIST2024"
    },
    {
        "id":"410448",
        "value":"NO",
        "test_case":"EXIST2024"
    },
    {
        "id":"410449",
        "value":"DIRECT",
        "test_case":"EXIST2024"
    },
    {
        "id":"410450",
        "value":"DIRECT",
        "test_case":"EXIST2024"
    },
    {
        "id":"410451",
        "value":"DIRECT",
        "test_case":"EXIST2024"
    },
    {
        "id":"410452",
        "value":"NO",
        "test_case":"EXIST2024"
    },
    {
        "id":"410453",
        "value":"NO",
        "test_case":"EXIST2024"
    },
    {
        "id":"410454",
        "value":"DIRECT",
        "test_case":"EXIST2024"
    },
    {
        "id":"410455",
        "value":"DIRECT",
        "test_case":"EXIST2024"
    },
    {
        "id":"410456",
        "value":"NO",
        "test_case":"EXIST2024"
    },
    {
        "id":"410457",
        "value":"DIRECT",
        "test_case":"EXIST2024"
    },
    {
        "id":"410458",
        "value":"NO",
        "test_case":"EXIST2024"
    },
    {
        "id":"410459",
        "value":"DIRECT",
        "test_case":"EXIST2024"
    },
    {
        "id":"410460",
        "value":"DIRECT",
        "test_case":"EXIST2024"
    },
    {
        "id":"410461",
        "value":"DIRECT",
        "test_case":"EXIST2024"
    },
    {
        "id":"410462",
        "value":"DIRECT",
        "test_case":"EXIST2024"
    },
    {
        "id":"410463",
        "value":"DIRECT",
        "test_case":"EXIST2024"
    },
    {
        "id":"410464",
        "value":"DIRECT",
        "test_case":"EXIST2024"
    },
    {
        "id":"410465",
        "value":"DIRECT",
        "test_case":"EXIST2024"
    },
    {
        "id":"410466",
        "value":"DIRECT",
        "test_case":"EXIST2024"
    },
    {
        "id":"410467",
        "value":"DIRECT",
        "test_case":"EXIST2024"
    },
    {
        "id":"410468",
        "value":"DIRECT",
        "test_case":"EXIST2024"
    },
    {
        "id":"410469",
        "value":"DIRECT",
        "test_case":"EXIST2024"
    },
    {
        "id":"410470",
        "value":"NO",
        "test_case":"EXIST2024"
    },
    {
        "id":"410471",
        "value":"NO",
        "test_case":"EXIST2024"
    },
    {
        "id":"410472",
        "value":"NO",
        "test_case":"EXIST2024"
    },
    {
        "id":"410473",
        "value":"DIRECT",
        "test_case":"EXIST2024"
    },
    {
        "id":"410474",
        "value":"DIRECT",
        "test_case":"EXIST2024"
    },
    {
        "id":"410475",
        "value":"DIRECT",
        "test_case":"EXIST2024"
    },
    {
        "id":"410476",
        "value":"DIRECT",
        "test_case":"EXIST2024"
    },
    {
        "id":"410477",
        "value":"DIRECT",
        "test_case":"EXIST2024"
    },
    {
        "id":"410478",
        "value":"DIRECT",
        "test_case":"EXIST2024"
    },
    {
        "id":"410479",
        "value":"DIRECT",
        "test_case":"EXIST2024"
    },
    {
        "id":"410480",
        "value":"NO",
        "test_case":"EXIST2024"
    },
    {
        "id":"410481",
        "value":"DIRECT",
        "test_case":"EXIST2024"
    },
    {
        "id":"410482",
        "value":"DIRECT",
        "test_case":"EXIST2024"
    },
    {
        "id":"410483",
        "value":"DIRECT",
        "test_case":"EXIST2024"
    },
    {
        "id":"410484",
        "value":"DIRECT",
        "test_case":"EXIST2024"
    },
    {
        "id":"410485",
        "value":"DIRECT",
        "test_case":"EXIST2024"
    },
    {
        "id":"410486",
        "value":"DIRECT",
        "test_case":"EXIST2024"
    },
    {
        "id":"410487",
        "value":"DIRECT",
        "test_case":"EXIST2024"
    },
    {
        "id":"410488",
        "value":"DIRECT",
        "test_case":"EXIST2024"
    },
    {
        "id":"410489",
        "value":"DIRECT",
        "test_case":"EXIST2024"
    },
    {
        "id":"410490",
        "value":"DIRECT",
        "test_case":"EXIST2024"
    },
    {
        "id":"410491",
        "value":"DIRECT",
        "test_case":"EXIST2024"
    },
    {
        "id":"410492",
        "value":"DIRECT",
        "test_case":"EXIST2024"
    },
    {
        "id":"410493",
        "value":"DIRECT",
        "test_case":"EXIST2024"
    },
    {
        "id":"410494",
        "value":"DIRECT",
        "test_case":"EXIST2024"
    },
    {
        "id":"410495",
        "value":"DIRECT",
        "test_case":"EXIST2024"
    },
    {
        "id":"410496",
        "value":"DIRECT",
        "test_case":"EXIST2024"
    },
    {
        "id":"410497",
        "value":"NO",
        "test_case":"EXIST2024"
    },
    {
        "id":"410498",
        "value":"DIRECT",
        "test_case":"EXIST2024"
    },
    {
        "id":"410499",
        "value":"DIRECT",
        "test_case":"EXIST2024"
    },
    {
        "id":"410500",
        "value":"NO",
        "test_case":"EXIST2024"
    },
    {
        "id":"410501",
        "value":"DIRECT",
        "test_case":"EXIST2024"
    },
    {
        "id":"410502",
        "value":"DIRECT",
        "test_case":"EXIST2024"
    },
    {
        "id":"410503",
        "value":"DIRECT",
        "test_case":"EXIST2024"
    },
    {
        "id":"410504",
        "value":"DIRECT",
        "test_case":"EXIST2024"
    },
    {
        "id":"410505",
        "value":"DIRECT",
        "test_case":"EXIST2024"
    },
    {
        "id":"410506",
        "value":"DIRECT",
        "test_case":"EXIST2024"
    },
    {
        "id":"410507",
        "value":"DIRECT",
        "test_case":"EXIST2024"
    },
    {
        "id":"410508",
        "value":"DIRECT",
        "test_case":"EXIST2024"
    },
    {
        "id":"410509",
        "value":"DIRECT",
        "test_case":"EXIST2024"
    },
    {
        "id":"410510",
        "value":"DIRECT",
        "test_case":"EXIST2024"
    },
    {
        "id":"410511",
        "value":"DIRECT",
        "test_case":"EXIST2024"
    },
    {
        "id":"410512",
        "value":"DIRECT",
        "test_case":"EXIST2024"
    },
    {
        "id":"410513",
        "value":"NO",
        "test_case":"EXIST2024"
    }
]